"species","SubjectId","Vaccine","Timepoint","Tissue","cDNA_ID","RIRA_Immune.cellclass","RIRA_TNK_v2.cellclass","RIRA_Myeloid_v3.cellclass","barcode","sample_id"
"mouse","SUBJ007","mRNA-1273","Week4","PBMC","cDNA_1","Immune",NA,NA,"AAACCGTGCTTCCG","PBMC_MOUSE"
"mouse","SUBJ003","Placebo","Week4","PBMC","cDNA_2","Immune",NA,NA,"AAACGCTGTTTCTG","PBMC_MOUSE"
"mouse","SUBJ006","Placebo","Baseline","PBMC","cDNA_3",NA,NA,NA,"AAAGAGACGCGAGA","PBMC_MOUSE"
"mouse","SUBJ001","Placebo","Week12","PBMC","cDNA_4","Immune",NA,NA,"AAAGCAGATATCGG","PBMC_MOUSE"
"mouse","SUBJ003","BNT162b2","Week2","PBMC","cDNA_5","Immune",NA,NA,"AAAGTTTGTAGCGT","PBMC_MOUSE"
"mouse","SUBJ002","Placebo","Week2","PBMC","cDNA_6","Immune",NA,NA,"AAATCAACCCTATT","PBMC_MOUSE"
"mouse","SUBJ007","mRNA-1273","Baseline","PBMC","cDNA_7","Immune",NA,NA,"AAATCATGACCACA","PBMC_MOUSE"
"mouse","SUBJ002","Placebo","Week4","PBMC","cDNA_8","Immune",NA,NA,"AAATGTTGAACGAA","PBMC_MOUSE"
"mouse","SUBJ002","BNT162b2","Week2","PBMC","cDNA_9",NA,NA,NA,"AAATGTTGTGGCAT","PBMC_MOUSE"
"mouse","SUBJ002","mRNA-1273","Week12","PBMC","cDNA_10","Immune",NA,NA,"AAATTCGAATCACG","PBMC_MOUSE"
"mouse","SUBJ005","mRNA-1273","Week2","PBMC","cDNA_11",NA,NA,NA,"AAATTCGAGCTGAT","PBMC_MOUSE"
"mouse","SUBJ004","Placebo","Week2","PBMC","cDNA_12",NA,NA,NA,"AACACGTGGAACCT","PBMC_MOUSE"
"mouse","SUBJ005","mRNA-1273","Week12","PBMC","cDNA_13",NA,NA,NA,"AACACGTGTACGAC","PBMC_MOUSE"
"mouse","SUBJ004","mRNA-1273","Baseline","PBMC","cDNA_14",NA,NA,NA,"AACAGCACAAGAGT","PBMC_MOUSE"
"mouse","SUBJ004","Placebo","Week2","PBMC","cDNA_15",NA,NA,NA,"AACATTGATGGGAG","PBMC_MOUSE"
"mouse","SUBJ004","BNT162b2","Week12","PBMC","cDNA_16",NA,NA,NA,"AACCAGTGATACCG","PBMC_MOUSE"
"mouse","SUBJ005","BNT162b2","Baseline","PBMC","cDNA_17","Immune",NA,NA,"AACCGATGTTCTAC","PBMC_MOUSE"
"mouse","SUBJ007","Placebo","Week2","PBMC","cDNA_18","Immune",NA,NA,"AACCGCCTCTACGA","PBMC_MOUSE"
"mouse","SUBJ001","Placebo","Week4","PBMC","cDNA_19",NA,NA,NA,"AACCTACTGTGAGG","PBMC_MOUSE"
"mouse","SUBJ001","BNT162b2","Week4","PBMC","cDNA_20","Immune",NA,NA,"AACCTTACTAACGC","PBMC_MOUSE"
"mouse","SUBJ008","Placebo","Week12","PBMC","cDNA_21","Immune",NA,NA,"AACCTTTGTACGCA","PBMC_MOUSE"
"mouse","SUBJ001","mRNA-1273","Week12","PBMC","cDNA_22","Immune",NA,NA,"AACTCACTCAAGCT","PBMC_MOUSE"
"mouse","SUBJ006","BNT162b2","Week2","PBMC","cDNA_23","Immune",NA,NA,"AACTCACTTGGAGG","PBMC_MOUSE"
"mouse","SUBJ006","BNT162b2","Week4","PBMC","cDNA_24","Immune",NA,NA,"AACTCGGAAGGTCT","PBMC_MOUSE"
"mouse","SUBJ008","BNT162b2","Week2","PBMC","cDNA_25","Immune",NA,NA,"AACTGTCTCCCTTG","PBMC_MOUSE"
"mouse","SUBJ003","mRNA-1273","Week2","PBMC","cDNA_26",NA,NA,NA,"AAGACAGATTACCT","PBMC_MOUSE"
"mouse","SUBJ003","BNT162b2","Week2","PBMC","cDNA_27","Immune",NA,NA,"AAGATGGAGAACTC","PBMC_MOUSE"
"mouse","SUBJ003","Placebo","Week4","PBMC","cDNA_28",NA,NA,NA,"AAGATGGAGATAAG","PBMC_MOUSE"
"mouse","SUBJ005","BNT162b2","Baseline","PBMC","cDNA_29",NA,NA,NA,"AAGATTACAGATCC","PBMC_MOUSE"
"mouse","SUBJ003","BNT162b2","Week4","PBMC","cDNA_30",NA,NA,NA,"AAGATTACCCGTTC","PBMC_MOUSE"
"mouse","SUBJ008","mRNA-1273","Week12","PBMC","cDNA_31","Immune",NA,NA,"AAGATTACTCCTCG","PBMC_MOUSE"
"mouse","SUBJ004","Placebo","Week2","PBMC","cDNA_32","Immune",NA,NA,"AAGCCATGACACGT","PBMC_MOUSE"
"mouse","SUBJ003","Placebo","Week12","PBMC","cDNA_33","Immune",NA,NA,"AAGCCTGACCGAAT","PBMC_MOUSE"
"mouse","SUBJ002","mRNA-1273","Week2","PBMC","cDNA_34","Immune",NA,NA,"AAGCGACTCCTCAC","PBMC_MOUSE"
"mouse","SUBJ006","mRNA-1273","Week12","PBMC","cDNA_35","Immune",NA,NA,"AAGCGACTTTGACG","PBMC_MOUSE"
"mouse","SUBJ003","Placebo","Week12","PBMC","cDNA_36",NA,NA,NA,"AAGGTCACGGTTAC","PBMC_MOUSE"
"mouse","SUBJ006","Placebo","Week12","PBMC","cDNA_37","Immune",NA,NA,"AAGTAACTCTGAAC","PBMC_MOUSE"
"mouse","SUBJ008","BNT162b2","Week4","PBMC","cDNA_38",NA,NA,NA,"AAGTTCCTCATTCT","PBMC_MOUSE"
"mouse","SUBJ008","Placebo","Week2","PBMC","cDNA_39","Immune",NA,NA,"AATCCTTGACGGGA","PBMC_MOUSE"
"mouse","SUBJ002","BNT162b2","Week2","PBMC","cDNA_40","Immune",NA,NA,"AATCTCACAGCCTA","PBMC_MOUSE"
"mouse","SUBJ008","Placebo","Week12","PBMC","cDNA_41","Immune",NA,NA,"AATGATACGGTCAT","PBMC_MOUSE"
"mouse","SUBJ002","BNT162b2","Week12","PBMC","cDNA_42","Immune",NA,NA,"AATGCGTGGACGGA","PBMC_MOUSE"
"mouse","SUBJ005","BNT162b2","Week2","PBMC","cDNA_43","Immune",NA,NA,"AATGGAGAATCGTG","PBMC_MOUSE"
"mouse","SUBJ005","Placebo","Week12","PBMC","cDNA_44","Immune",NA,NA,"AATGTTGAGTTGAC","PBMC_MOUSE"
"mouse","SUBJ002","Placebo","Week2","PBMC","cDNA_45","Immune",NA,NA,"AATTGATGTCGCAA","PBMC_MOUSE"
"mouse","SUBJ008","BNT162b2","Baseline","PBMC","cDNA_46","Immune",NA,NA,"ACAAATTGATTCTC","PBMC_MOUSE"
"mouse","SUBJ003","BNT162b2","Week2","PBMC","cDNA_47","Immune",NA,NA,"ACAAATTGCTCAGA","PBMC_MOUSE"
"mouse","SUBJ004","BNT162b2","Week4","PBMC","cDNA_48","Immune",NA,NA,"ACAAGAGAAGTCGT","PBMC_MOUSE"
"mouse","SUBJ001","Placebo","Week4","PBMC","cDNA_49","Immune",NA,NA,"ACACGATGATGTGC","PBMC_MOUSE"
"mouse","SUBJ001","Placebo","Week4","PBMC","cDNA_50","Immune",NA,NA,"ACAGCAACACCTAG","PBMC_MOUSE"
"mouse","SUBJ005","mRNA-1273","Week2","PBMC","cDNA_51",NA,NA,NA,"ACAGCAACCTCAAG","PBMC_MOUSE"
"mouse","SUBJ005","Placebo","Week12","PBMC","cDNA_52","Immune",NA,NA,"ACAGTGTGTTGCGA","PBMC_MOUSE"
"mouse","SUBJ006","mRNA-1273","Week4","PBMC","cDNA_53",NA,NA,NA,"ACATCACTCTACTT","PBMC_MOUSE"
"mouse","SUBJ006","mRNA-1273","Week12","PBMC","cDNA_54","Immune",NA,NA,"ACATTCTGGGAACG","PBMC_MOUSE"
"mouse","SUBJ007","Placebo","Week2","PBMC","cDNA_55","Immune",NA,NA,"ACCAGTGAATACCG","PBMC_MOUSE"
"mouse","SUBJ005","BNT162b2","Baseline","PBMC","cDNA_56","Immune",NA,NA,"ACCAGTGATGACTG","PBMC_MOUSE"
"mouse","SUBJ008","BNT162b2","Baseline","PBMC","cDNA_57","Immune",NA,NA,"ACCCAAGAATTCCT","PBMC_MOUSE"
"mouse","SUBJ004","mRNA-1273","Baseline","PBMC","cDNA_58","Immune",NA,NA,"ACCCACTGCGCCTT","PBMC_MOUSE"
"mouse","SUBJ002","Placebo","Week2","PBMC","cDNA_59","Immune",NA,NA,"ACCCACTGGTTCAG","PBMC_MOUSE"
"mouse","SUBJ003","BNT162b2","Week4","PBMC","cDNA_60",NA,NA,NA,"ACCCACTGTCGTAG","PBMC_MOUSE"
"mouse","SUBJ003","mRNA-1273","Baseline","PBMC","cDNA_61","Immune",NA,NA,"ACCCAGCTGTTAGC","PBMC_MOUSE"
"mouse","SUBJ002","Placebo","Baseline","PBMC","cDNA_62",NA,NA,NA,"ACCCTCGATAAGGA","PBMC_MOUSE"
"mouse","SUBJ001","Placebo","Baseline","PBMC","cDNA_63","Immune",NA,NA,"ACCCTCGATCAAGC","PBMC_MOUSE"
"mouse","SUBJ008","mRNA-1273","Baseline","PBMC","cDNA_64","Immune",NA,NA,"ACCTATTGTGCCCT","PBMC_MOUSE"
"mouse","SUBJ002","mRNA-1273","Week2","PBMC","cDNA_65",NA,NA,NA,"ACCTGAGATATCGG","PBMC_MOUSE"
"mouse","SUBJ008","mRNA-1273","Week4","PBMC","cDNA_66","Immune",NA,NA,"ACCTTTGACTCCCA","PBMC_MOUSE"
"mouse","SUBJ008","Placebo","Week2","PBMC","cDNA_67","Immune",NA,NA,"ACCTTTGAGGAACG","PBMC_MOUSE"
"mouse","SUBJ004","Placebo","Week2","PBMC","cDNA_68","Immune",NA,NA,"ACCTTTGAGGAAGC","PBMC_MOUSE"
"mouse","SUBJ002","BNT162b2","Week12","PBMC","cDNA_69","Immune",NA,NA,"ACGAACTGGCTATG","PBMC_MOUSE"
"mouse","SUBJ005","Placebo","Week12","PBMC","cDNA_70","Immune",NA,NA,"ACGACCCTATCTCT","PBMC_MOUSE"
"mouse","SUBJ004","Placebo","Baseline","PBMC","cDNA_71",NA,NA,NA,"ACGATCGAGTCACA","PBMC_MOUSE"
"mouse","SUBJ006","BNT162b2","Week12","PBMC","cDNA_72","Immune",NA,NA,"ACGCCACTGAACTC","PBMC_MOUSE"
"mouse","SUBJ005","mRNA-1273","Week4","PBMC","cDNA_73","Immune",NA,NA,"ACGCCGGAAACCAC","PBMC_MOUSE"
"mouse","SUBJ007","BNT162b2","Baseline","PBMC","cDNA_74",NA,NA,NA,"ACGCCTTGCTCCCA","PBMC_MOUSE"
"mouse","SUBJ002","Placebo","Week4","PBMC","cDNA_75",NA,NA,NA,"ACGGAACTGTCGTA","PBMC_MOUSE"
"mouse","SUBJ005","Placebo","Baseline","PBMC","cDNA_76","Immune",NA,NA,"ACGGAGGACTCTTA","PBMC_MOUSE"
"mouse","SUBJ001","Placebo","Week4","PBMC","cDNA_77","Immune",NA,NA,"ACGGTATGAGTCGT","PBMC_MOUSE"
"mouse","SUBJ006","mRNA-1273","Week2","PBMC","cDNA_78",NA,NA,NA,"ACGTCAGAGAGCTT","PBMC_MOUSE"
"mouse","SUBJ004","Placebo","Week2","PBMC","cDNA_79",NA,NA,NA,"ACGTCCTGATAAGG","PBMC_MOUSE"
"mouse","SUBJ003","BNT162b2","Week4","PBMC","cDNA_80","Immune",NA,NA,"ACGTCCTGTGAACC","PBMC_MOUSE"
"mouse","SUBJ004","BNT162b2","Week2","PBMC","cDNA_81","Immune",NA,NA,"ACGTCGCTCTATTC","PBMC_MOUSE"
"mouse","SUBJ008","BNT162b2","Week2","PBMC","cDNA_82","Immune",NA,NA,"ACGTGATGTAACCG","PBMC_MOUSE"
"mouse","SUBJ006","mRNA-1273","Week2","PBMC","cDNA_83","Immune",NA,NA,"ACGTTGGACCGTAA","PBMC_MOUSE"
"mouse","SUBJ006","BNT162b2","Baseline","PBMC","cDNA_84","Immune",NA,NA,"ACGTTGGATCAGGT","PBMC_MOUSE"
"mouse","SUBJ001","Placebo","Week4","PBMC","cDNA_85",NA,NA,NA,"ACTAAAACTCGACA","PBMC_MOUSE"
"mouse","SUBJ002","Placebo","Week12","PBMC","cDNA_86","Immune",NA,NA,"ACTCAGGATTCGTT","PBMC_MOUSE"
"mouse","SUBJ002","Placebo","Week4","PBMC","cDNA_87","Immune",NA,NA,"ACTCGCACGAAAGT","PBMC_MOUSE"
"mouse","SUBJ003","BNT162b2","Week2","PBMC","cDNA_88","Immune",NA,NA,"ACTCGCACTACGAC","PBMC_MOUSE"
"mouse","SUBJ006","Placebo","Baseline","PBMC","cDNA_89","Immune",NA,NA,"ACTGAGACCCATAG","PBMC_MOUSE"
"mouse","SUBJ004","Placebo","Baseline","PBMC","cDNA_90",NA,NA,NA,"ACTGTTACCCACAA","PBMC_MOUSE"
"mouse","SUBJ007","Placebo","Week2","PBMC","cDNA_91","Immune",NA,NA,"ACTTAGCTGCGTAT","PBMC_MOUSE"
"mouse","SUBJ004","mRNA-1273","Week2","PBMC","cDNA_92","Immune",NA,NA,"ACTTGGGAGAAAGT","PBMC_MOUSE"
"mouse","SUBJ005","BNT162b2","Week4","PBMC","cDNA_93","Immune",NA,NA,"ACTTGGGATGTGAC","PBMC_MOUSE"
"mouse","SUBJ001","mRNA-1273","Week12","PBMC","cDNA_94","Immune",NA,NA,"ACTTGGGATTGACG","PBMC_MOUSE"
"mouse","SUBJ002","mRNA-1273","Week2","PBMC","cDNA_95","Immune",NA,NA,"ACTTTGTGGATAGA","PBMC_MOUSE"
"mouse","SUBJ001","mRNA-1273","Week4","PBMC","cDNA_96",NA,NA,NA,"AGAAAGTGGGGATG","PBMC_MOUSE"
"mouse","SUBJ003","Placebo","Week2","PBMC","cDNA_97",NA,NA,NA,"AGACACTGTCAAGC","PBMC_MOUSE"
"mouse","SUBJ008","BNT162b2","Baseline","PBMC","cDNA_98","Immune",NA,NA,"AGACCTGAAGTAGA","PBMC_MOUSE"
"mouse","SUBJ002","BNT162b2","Week4","PBMC","cDNA_99","Immune",NA,NA,"AGACGTACCTCTTA","PBMC_MOUSE"
"mouse","SUBJ008","mRNA-1273","Baseline","PBMC","cDNA_100","Immune",NA,NA,"AGACGTACTCGTGA","PBMC_MOUSE"
"mouse","SUBJ005","mRNA-1273","Week12","PBMC","cDNA_101",NA,NA,NA,"AGAGATGAGGTTTG","PBMC_MOUSE"
"mouse","SUBJ005","Placebo","Week12","PBMC","cDNA_102",NA,NA,NA,"AGAGCGGAGGCAAG","PBMC_MOUSE"
"mouse","SUBJ002","Placebo","Week12","PBMC","cDNA_103","Immune",NA,NA,"AGAGTCTGGTCGTA","PBMC_MOUSE"
"mouse","SUBJ006","BNT162b2","Week12","PBMC","cDNA_104","Immune",NA,NA,"AGATATTGGCCAAT","PBMC_MOUSE"
"mouse","SUBJ006","Placebo","Baseline","PBMC","cDNA_105",NA,NA,NA,"AGATCGTGTCTGGA","PBMC_MOUSE"
"mouse","SUBJ004","BNT162b2","Week2","PBMC","cDNA_106",NA,NA,NA,"AGATTAACGTTCTT","PBMC_MOUSE"
"mouse","SUBJ003","Placebo","Week2","PBMC","cDNA_107",NA,NA,NA,"AGATTCCTCACTTT","PBMC_MOUSE"
"mouse","SUBJ008","mRNA-1273","Week2","PBMC","cDNA_108","Immune",NA,NA,"AGATTCCTGACGAG","PBMC_MOUSE"
"mouse","SUBJ002","BNT162b2","Week2","PBMC","cDNA_109","Immune",NA,NA,"AGCATCGAGCTTCC","PBMC_MOUSE"
"mouse","SUBJ002","Placebo","Week2","PBMC","cDNA_110","Immune",NA,NA,"AGCATCGATAACCG","PBMC_MOUSE"
"mouse","SUBJ005","Placebo","Week2","PBMC","cDNA_111","Immune",NA,NA,"AGCCAATGGGGAGT","PBMC_MOUSE"
"mouse","SUBJ002","mRNA-1273","Week2","PBMC","cDNA_112","Immune",NA,NA,"AGCCTCACTGTCAG","PBMC_MOUSE"
"mouse","SUBJ004","BNT162b2","Week4","PBMC","cDNA_113","Immune",NA,NA,"AGCGTAACTGAGAA","PBMC_MOUSE"
"mouse","SUBJ004","mRNA-1273","Baseline","PBMC","cDNA_114","Immune",NA,NA,"AGCTGAACCATACG","PBMC_MOUSE"
"mouse","SUBJ008","mRNA-1273","Baseline","PBMC","cDNA_115",NA,NA,NA,"AGCTGCCTTGGGAG","PBMC_MOUSE"
"mouse","SUBJ003","BNT162b2","Week12","PBMC","cDNA_116",NA,NA,NA,"AGGAACCTCTTAGG","PBMC_MOUSE"
"mouse","SUBJ006","Placebo","Baseline","PBMC","cDNA_117","Immune",NA,NA,"AGGGCGCTAACCAC","PBMC_MOUSE"
"mouse","SUBJ005","mRNA-1273","Week2","PBMC","cDNA_118",NA,NA,NA,"AGGGTGGACTCAAG","PBMC_MOUSE"
"mouse","SUBJ001","Placebo","Week2","PBMC","cDNA_119",NA,NA,NA,"AGGGTTTGTTCATC","PBMC_MOUSE"
"mouse","SUBJ001","Placebo","Week2","PBMC","cDNA_120","Immune",NA,NA,"AGGTCTGATTCTCA","PBMC_MOUSE"
"mouse","SUBJ001","Placebo","Week12","PBMC","cDNA_121",NA,NA,NA,"AGGTTCGAACCTCC","PBMC_MOUSE"
"mouse","SUBJ004","mRNA-1273","Week12","PBMC","cDNA_122",NA,NA,NA,"AGGTTCGAACGTAC","PBMC_MOUSE"
"mouse","SUBJ005","BNT162b2","Baseline","PBMC","cDNA_123",NA,NA,NA,"AGTAGGCTTGCCTC","PBMC_MOUSE"
"mouse","SUBJ005","Placebo","Week4","PBMC","cDNA_124",NA,NA,NA,"AGTATAACTTGTCT","PBMC_MOUSE"
"mouse","SUBJ002","BNT162b2","Week12","PBMC","cDNA_125","Immune",NA,NA,"AGTCTACTAGGGTG","PBMC_MOUSE"
"mouse","SUBJ004","Placebo","Baseline","PBMC","cDNA_126","Immune",NA,NA,"AGTCTACTTGCATG","PBMC_MOUSE"
"mouse","SUBJ008","Placebo","Baseline","PBMC","cDNA_127","Immune",NA,NA,"AGTCTTACTTCGGA","PBMC_MOUSE"
"mouse","SUBJ005","Placebo","Week4","PBMC","cDNA_128",NA,NA,NA,"AGTGACTGCAACTG","PBMC_MOUSE"
"mouse","SUBJ007","BNT162b2","Week2","PBMC","cDNA_129",NA,NA,NA,"AGTGTTCTCACTTT","PBMC_MOUSE"
"mouse","SUBJ001","mRNA-1273","Week4","PBMC","cDNA_130","Immune",NA,NA,"AGTTATGAACAGTC","PBMC_MOUSE"
"mouse","SUBJ008","Placebo","Baseline","PBMC","cDNA_131","Immune",NA,NA,"AGTTCTACCAGCTA","PBMC_MOUSE"
"mouse","SUBJ001","BNT162b2","Week12","PBMC","cDNA_132","Immune",NA,NA,"ATAACAACATGCTG","PBMC_MOUSE"
"mouse","SUBJ007","Placebo","Week4","PBMC","cDNA_133","Immune",NA,NA,"ATAAGTTGGTACGT","PBMC_MOUSE"
"mouse","SUBJ007","mRNA-1273","Week4","PBMC","cDNA_134",NA,NA,NA,"ATAATGACTCGTGA","PBMC_MOUSE"
"mouse","SUBJ006","Placebo","Baseline","PBMC","cDNA_135",NA,NA,NA,"ATACCACTCGTACA","PBMC_MOUSE"
"mouse","SUBJ007","mRNA-1273","Week12","PBMC","cDNA_136","Immune",NA,NA,"ATACCGGACATTTC","PBMC_MOUSE"
"mouse","SUBJ005","Placebo","Baseline","PBMC","cDNA_137",NA,NA,NA,"ATACCGGAGGTGTT","PBMC_MOUSE"
"mouse","SUBJ004","BNT162b2","Baseline","PBMC","cDNA_138","Immune",NA,NA,"ATACGGACAGACTC","PBMC_MOUSE"
"mouse","SUBJ006","Placebo","Week12","PBMC","cDNA_139",NA,NA,NA,"ATACGGACCTACTT","PBMC_MOUSE"
"mouse","SUBJ006","Placebo","Week12","PBMC","cDNA_140",NA,NA,NA,"ATACGGACTCTGGA","PBMC_MOUSE"
"mouse","SUBJ003","mRNA-1273","Baseline","PBMC","cDNA_141",NA,NA,NA,"ATACGTCTTAACGC","PBMC_MOUSE"
"mouse","SUBJ004","mRNA-1273","Week2","PBMC","cDNA_142",NA,NA,NA,"ATACTCTGCTTCGC","PBMC_MOUSE"
"mouse","SUBJ008","Placebo","Baseline","PBMC","cDNA_143","Immune",NA,NA,"ATAGCGTGCCCTTG","PBMC_MOUSE"
"mouse","SUBJ006","BNT162b2","Week2","PBMC","cDNA_144","Immune",NA,NA,"ATAGCGTGGTATCG","PBMC_MOUSE"
"mouse","SUBJ008","Placebo","Week4","PBMC","cDNA_145","Immune",NA,NA,"ATAGGAGAAACAGA","PBMC_MOUSE"
"mouse","SUBJ001","BNT162b2","Week12","PBMC","cDNA_146","Immune",NA,NA,"ATAGTCCTAGTGTC","PBMC_MOUSE"
"mouse","SUBJ006","mRNA-1273","Week2","PBMC","cDNA_147",NA,NA,NA,"ATAGTTGACCCTCA","PBMC_MOUSE"
"mouse","SUBJ008","Placebo","Baseline","PBMC","cDNA_148","Immune",NA,NA,"ATATAGTGGAATGA","PBMC_MOUSE"
"mouse","SUBJ002","Placebo","Week4","PBMC","cDNA_149",NA,NA,NA,"ATATGCCTAGATCC","PBMC_MOUSE"
"mouse","SUBJ002","Placebo","Week4","PBMC","cDNA_150",NA,NA,NA,"ATCAAATGAGCCTA","PBMC_MOUSE"
"mouse","SUBJ008","BNT162b2","Week4","PBMC","cDNA_151","Immune",NA,NA,"ATCAAATGGGTAAA","PBMC_MOUSE"
"mouse","SUBJ005","mRNA-1273","Baseline","PBMC","cDNA_152","Immune",NA,NA,"ATCATCTGACACCA","PBMC_MOUSE"
"mouse","SUBJ006","mRNA-1273","Week4","PBMC","cDNA_153","Immune",NA,NA,"ATCCAGGACGCTAA","PBMC_MOUSE"
"mouse","SUBJ001","Placebo","Week2","PBMC","cDNA_154",NA,NA,NA,"ATCCATACTCCTTA","PBMC_MOUSE"
"mouse","SUBJ003","BNT162b2","Week4","PBMC","cDNA_155",NA,NA,NA,"ATCCATACTTCATC","PBMC_MOUSE"
"mouse","SUBJ006","Placebo","Week2","PBMC","cDNA_156",NA,NA,NA,"ATCGACGAAACTGC","PBMC_MOUSE"
"mouse","SUBJ002","Placebo","Baseline","PBMC","cDNA_157",NA,NA,NA,"ATCGCAGAATCTCT","PBMC_MOUSE"
"mouse","SUBJ004","mRNA-1273","Week2","PBMC","cDNA_158",NA,NA,NA,"ATCGCGCTCAGAGG","PBMC_MOUSE"
"mouse","SUBJ008","mRNA-1273","Baseline","PBMC","cDNA_159",NA,NA,NA,"ATCGTTTGCCTACC","PBMC_MOUSE"
"mouse","SUBJ002","BNT162b2","Week12","PBMC","cDNA_160","Immune",NA,NA,"ATCGTTTGGGTACT","PBMC_MOUSE"
"mouse","SUBJ004","Placebo","Baseline","PBMC","cDNA_161",NA,NA,NA,"ATCGTTTGTGCCAA","PBMC_MOUSE"
"mouse","SUBJ006","mRNA-1273","Week4","PBMC","cDNA_162",NA,NA,NA,"ATCTACACCCGCTT","PBMC_MOUSE"
"mouse","SUBJ008","BNT162b2","Week12","PBMC","cDNA_163","Immune",NA,NA,"ATCTCAACCTTGTT","PBMC_MOUSE"
"mouse","SUBJ007","mRNA-1273","Baseline","PBMC","cDNA_164","Immune",NA,NA,"ATCTGGGAAACCAC","PBMC_MOUSE"
"mouse","SUBJ004","BNT162b2","Week4","PBMC","cDNA_165",NA,NA,NA,"ATCTGGGAAGTGTC","PBMC_MOUSE"
"mouse","SUBJ003","BNT162b2","Baseline","PBMC","cDNA_166",NA,NA,NA,"ATCTGTTGCCTTCG","PBMC_MOUSE"
"mouse","SUBJ002","Placebo","Week4","PBMC","cDNA_167","Immune",NA,NA,"ATCTTGACCTCCCA","PBMC_MOUSE"
"mouse","SUBJ004","BNT162b2","Week2","PBMC","cDNA_168","Immune",NA,NA,"ATGACGTGATCGGT","PBMC_MOUSE"
"mouse","SUBJ003","Placebo","Week4","PBMC","cDNA_169","Immune",NA,NA,"ATGATATGTTGTCT","PBMC_MOUSE"
"mouse","SUBJ001","mRNA-1273","Baseline","PBMC","cDNA_170","Immune",NA,NA,"ATGCACGATTGGTG","PBMC_MOUSE"
"mouse","SUBJ008","Placebo","Week2","PBMC","cDNA_171","Immune",NA,NA,"ATGCCAGACAGTCA","PBMC_MOUSE"
"mouse","SUBJ005","BNT162b2","Baseline","PBMC","cDNA_172",NA,NA,NA,"ATGCCGCTTGAACC","PBMC_MOUSE"
"mouse","SUBJ001","Placebo","Baseline","PBMC","cDNA_173",NA,NA,NA,"ATGCGATGCTATGG","PBMC_MOUSE"
"mouse","SUBJ003","mRNA-1273","Baseline","PBMC","cDNA_174",NA,NA,NA,"ATGTAAACTTCACT","PBMC_MOUSE"
"mouse","SUBJ004","mRNA-1273","Baseline","PBMC","cDNA_175","Immune",NA,NA,"ATGTACCTTTATCC","PBMC_MOUSE"
"mouse","SUBJ005","Placebo","Week12","PBMC","cDNA_176","Immune",NA,NA,"ATGTCACTAATGCC","PBMC_MOUSE"
"mouse","SUBJ004","mRNA-1273","Week12","PBMC","cDNA_177","Immune",NA,NA,"ATGTTCACAGTCTG","PBMC_MOUSE"
"mouse","SUBJ005","BNT162b2","Week2","PBMC","cDNA_178",NA,NA,NA,"ATTACCTGCCTTAT","PBMC_MOUSE"
"mouse","SUBJ006","mRNA-1273","Week12","PBMC","cDNA_179","Immune",NA,NA,"ATTACCTGGAGGAC","PBMC_MOUSE"
"mouse","SUBJ003","BNT162b2","Baseline","PBMC","cDNA_180","Immune",NA,NA,"ATTCAGCTCATTGG","PBMC_MOUSE"
"mouse","SUBJ005","Placebo","Baseline","PBMC","cDNA_181","Immune",NA,NA,"ATTCCAACCATTGG","PBMC_MOUSE"
"mouse","SUBJ001","BNT162b2","Week12","PBMC","cDNA_182","Immune",NA,NA,"ATTCGACTGAATAG","PBMC_MOUSE"
"mouse","SUBJ002","BNT162b2","Week4","PBMC","cDNA_183","Immune",NA,NA,"ATTCGACTTTTGTC","PBMC_MOUSE"
"mouse","SUBJ006","BNT162b2","Baseline","PBMC","cDNA_184","Immune",NA,NA,"ATTCGGGAAAGGCG","PBMC_MOUSE"
"mouse","SUBJ003","BNT162b2","Week2","PBMC","cDNA_185",NA,NA,NA,"ATTGCACTGAGAGC","PBMC_MOUSE"
"mouse","SUBJ008","BNT162b2","Week4","PBMC","cDNA_186","Immune",NA,NA,"ATTGCACTGGAGCA","PBMC_MOUSE"
"mouse","SUBJ007","mRNA-1273","Baseline","PBMC","cDNA_187","Immune",NA,NA,"ATTGCACTTGCTTT","PBMC_MOUSE"
"mouse","SUBJ004","BNT162b2","Week12","PBMC","cDNA_188",NA,NA,NA,"ATTTAGGAACCATG","PBMC_MOUSE"
"mouse","SUBJ008","mRNA-1273","Week4","PBMC","cDNA_189",NA,NA,NA,"ATTTCTCTACTTTC","PBMC_MOUSE"
"mouse","SUBJ005","mRNA-1273","Week2","PBMC","cDNA_190","Immune",NA,NA,"ATTTCTCTCACTTT","PBMC_MOUSE"
"mouse","SUBJ008","Placebo","Week4","PBMC","cDNA_191","Immune",NA,NA,"ATTTGCACAAGATG","PBMC_MOUSE"
"mouse","SUBJ001","Placebo","Week4","PBMC","cDNA_192","Immune",NA,NA,"CAAAGCTGTTGCTT","PBMC_MOUSE"
"mouse","SUBJ003","mRNA-1273","Baseline","PBMC","cDNA_193",NA,NA,NA,"CAAATTGATGGAGG","PBMC_MOUSE"
"mouse","SUBJ002","Placebo","Week4","PBMC","cDNA_194","Immune",NA,NA,"CAACCAGAGTTCAG","PBMC_MOUSE"
"mouse","SUBJ008","Placebo","Week4","PBMC","cDNA_195","Immune",NA,NA,"CAACCAGATAGAAG","PBMC_MOUSE"
"mouse","SUBJ005","Placebo","Week4","PBMC","cDNA_196","Immune",NA,NA,"CAACGATGCGCAAT","PBMC_MOUSE"
"mouse","SUBJ007","BNT162b2","Week12","PBMC","cDNA_197",NA,NA,NA,"CAACGTGACTCCAC","PBMC_MOUSE"
"mouse","SUBJ007","mRNA-1273","Baseline","PBMC","cDNA_198","Immune",NA,NA,"CAACGTGATCAAGC","PBMC_MOUSE"
"mouse","SUBJ004","Placebo","Baseline","PBMC","cDNA_199",NA,NA,NA,"CAAGAAGACGTCTC","PBMC_MOUSE"
"mouse","SUBJ008","Placebo","Week2","PBMC","cDNA_200","Immune",NA,NA,"CAAGCTGACCATAG","PBMC_MOUSE"
"mouse","SUBJ001","mRNA-1273","Week2","PBMC","cDNA_201","Immune",NA,NA,"CAAGTCGATAGCGT","PBMC_MOUSE"
"mouse","SUBJ007","mRNA-1273","Baseline","PBMC","cDNA_202",NA,NA,NA,"CAATAAACGCCATA","PBMC_MOUSE"
"mouse","SUBJ008","Placebo","Week2","PBMC","cDNA_203",NA,NA,NA,"CAATAATGAACTGC","PBMC_MOUSE"
"mouse","SUBJ007","Placebo","Week4","PBMC","cDNA_204",NA,NA,NA,"CAATTCTGCTTGTT","PBMC_MOUSE"
"mouse","SUBJ006","mRNA-1273","Baseline","PBMC","cDNA_205",NA,NA,NA,"CAATTCTGGCGTAT","PBMC_MOUSE"
"mouse","SUBJ003","Placebo","Week2","PBMC","cDNA_206",NA,NA,NA,"CACAGATGGTTTCT","PBMC_MOUSE"
"mouse","SUBJ003","BNT162b2","Week12","PBMC","cDNA_207","Immune",NA,NA,"CACAGCCTTGCCAA","PBMC_MOUSE"
"mouse","SUBJ006","Placebo","Week2","PBMC","cDNA_208","Immune",NA,NA,"CACAGTGATGAAGA","PBMC_MOUSE"
"mouse","SUBJ005","BNT162b2","Week12","PBMC","cDNA_209","Immune",NA,NA,"CACTGAGACAGTCA","PBMC_MOUSE"
"mouse","SUBJ002","Placebo","Week12","PBMC","cDNA_210",NA,NA,NA,"CACTGCTGAGACTC","PBMC_MOUSE"
"mouse","SUBJ004","BNT162b2","Week2","PBMC","cDNA_211","Immune",NA,NA,"CAGACCCTAAGGTA","PBMC_MOUSE"
"mouse","SUBJ003","BNT162b2","Week2","PBMC","cDNA_212",NA,NA,NA,"CAGCAATGTCTACT","PBMC_MOUSE"
"mouse","SUBJ003","Placebo","Week2","PBMC","cDNA_213","Immune",NA,NA,"CAGCAATGTGAGGG","PBMC_MOUSE"
"mouse","SUBJ008","mRNA-1273","Baseline","PBMC","cDNA_214",NA,NA,NA,"CAGCACCTGTAGGG","PBMC_MOUSE"
"mouse","SUBJ005","Placebo","Week4","PBMC","cDNA_215","Immune",NA,NA,"CAGCATGACAACCA","PBMC_MOUSE"
"mouse","SUBJ003","mRNA-1273","Week12","PBMC","cDNA_216",NA,NA,NA,"CAGCCTTGCTACCC","PBMC_MOUSE"
"mouse","SUBJ002","Placebo","Week2","PBMC","cDNA_217","Immune",NA,NA,"CAGCTAGATGTGAC","PBMC_MOUSE"
"mouse","SUBJ006","BNT162b2","Baseline","PBMC","cDNA_218","Immune",NA,NA,"CAGCTCTGTCGTAG","PBMC_MOUSE"
"mouse","SUBJ003","Placebo","Week12","PBMC","cDNA_219","Immune",NA,NA,"CAGGAACTCTCAGA","PBMC_MOUSE"
"mouse","SUBJ007","Placebo","Week12","PBMC","cDNA_220",NA,NA,NA,"CAGGCCGAATCTCT","PBMC_MOUSE"
"mouse","SUBJ001","Placebo","Week4","PBMC","cDNA_221",NA,NA,NA,"CAGGTAACAGACTC","PBMC_MOUSE"
"mouse","SUBJ004","Placebo","Baseline","PBMC","cDNA_222","Immune",NA,NA,"CAGTTGGAAAGAGT","PBMC_MOUSE"
"mouse","SUBJ008","mRNA-1273","Week2","PBMC","cDNA_223","Immune",NA,NA,"CATAAAACGGAGCA","PBMC_MOUSE"
"mouse","SUBJ005","BNT162b2","Week12","PBMC","cDNA_224","Immune",NA,NA,"CATACTACGTACCA","PBMC_MOUSE"
"mouse","SUBJ003","BNT162b2","Baseline","PBMC","cDNA_225","Immune",NA,NA,"CATACTTGGGTTAC","PBMC_MOUSE"
"mouse","SUBJ006","mRNA-1273","Week12","PBMC","cDNA_226","Immune",NA,NA,"CATCAGGATCCTAT","PBMC_MOUSE"
"mouse","SUBJ004","BNT162b2","Baseline","PBMC","cDNA_227","Immune",NA,NA,"CATCAGGATGCACA","PBMC_MOUSE"
"mouse","SUBJ001","BNT162b2","Week12","PBMC","cDNA_228","Immune",NA,NA,"CATCAGGATTTCGT","PBMC_MOUSE"
"mouse","SUBJ003","BNT162b2","Week12","PBMC","cDNA_229","Immune",NA,NA,"CATCATACCGCATA","PBMC_MOUSE"
"mouse","SUBJ004","Placebo","Week4","PBMC","cDNA_230",NA,NA,NA,"CATCTCCTCGAACT","PBMC_MOUSE"
"mouse","SUBJ004","BNT162b2","Week4","PBMC","cDNA_231","Immune",NA,NA,"CATGCGCTAGTCAC","PBMC_MOUSE"
"mouse","SUBJ007","BNT162b2","Week4","PBMC","cDNA_232","Immune",NA,NA,"CATGCGCTCAGATC","PBMC_MOUSE"
"mouse","SUBJ007","Placebo","Baseline","PBMC","cDNA_233","Immune",NA,NA,"CATGCGCTTTGCAG","PBMC_MOUSE"
"mouse","SUBJ005","BNT162b2","Baseline","PBMC","cDNA_234","Immune",NA,NA,"CATGGCCTAGGGTG","PBMC_MOUSE"
"mouse","SUBJ006","BNT162b2","Week2","PBMC","cDNA_235",NA,NA,NA,"CATGTTTGGGGATG","PBMC_MOUSE"
"mouse","SUBJ004","mRNA-1273","Week4","PBMC","cDNA_236","Immune",NA,NA,"CATTAGCTCCACAA","PBMC_MOUSE"
"mouse","SUBJ005","Placebo","Week2","PBMC","cDNA_237","Immune",NA,NA,"CATTGACTAGCGGA","PBMC_MOUSE"
"mouse","SUBJ003","mRNA-1273","Week2","PBMC","cDNA_238","Immune",NA,NA,"CATTGTACTTTGCT","PBMC_MOUSE"
"mouse","SUBJ004","BNT162b2","Baseline","PBMC","cDNA_239","Immune",NA,NA,"CCAAAGTGCTACGA","PBMC_MOUSE"
"mouse","SUBJ002","BNT162b2","Week12","PBMC","cDNA_240",NA,NA,NA,"CCAAAGTGTGAGAA","PBMC_MOUSE"
"mouse","SUBJ003","mRNA-1273","Week4","PBMC","cDNA_241",NA,NA,NA,"CCAACCTGACGTAC","PBMC_MOUSE"
"mouse","SUBJ003","BNT162b2","Week4","PBMC","cDNA_242","Immune",NA,NA,"CCAACCTGTTCGCC","PBMC_MOUSE"
"mouse","SUBJ006","Placebo","Week2","PBMC","cDNA_243",NA,NA,NA,"CCAATTTGAACGTC","PBMC_MOUSE"
"mouse","SUBJ007","BNT162b2","Week4","PBMC","cDNA_244","Immune",NA,NA,"CCACCATGGACGAG","PBMC_MOUSE"
"mouse","SUBJ006","BNT162b2","Baseline","PBMC","cDNA_245","Immune",NA,NA,"CCACTGACCCGCTT","PBMC_MOUSE"
"mouse","SUBJ008","mRNA-1273","Week2","PBMC","cDNA_246","Immune",NA,NA,"CCACTGTGGGAAGC","PBMC_MOUSE"
"mouse","SUBJ002","BNT162b2","Week2","PBMC","cDNA_247","Immune",NA,NA,"CCACTTCTCGGGAA","PBMC_MOUSE"
"mouse","SUBJ008","BNT162b2","Week4","PBMC","cDNA_248","Immune",NA,NA,"CCAGACCTCTGAGT","PBMC_MOUSE"
"mouse","SUBJ006","mRNA-1273","Week12","PBMC","cDNA_249","Immune",NA,NA,"CCAGCACTGCGATT","PBMC_MOUSE"
"mouse","SUBJ002","Placebo","Week2","PBMC","cDNA_250",NA,NA,NA,"CCAGCGGAAAGGCG","PBMC_MOUSE"
"mouse","SUBJ002","BNT162b2","Week2","PBMC","cDNA_251","Immune",NA,NA,"CCAGCGGACGACTA","PBMC_MOUSE"
"mouse","SUBJ008","BNT162b2","Week12","PBMC","cDNA_252",NA,NA,NA,"CCAGGTCTAGCATC","PBMC_MOUSE"
"mouse","SUBJ007","Placebo","Baseline","PBMC","cDNA_253",NA,NA,NA,"CCAGTCACACTGGT","PBMC_MOUSE"
"mouse","SUBJ002","mRNA-1273","Week2","PBMC","cDNA_254","Immune",NA,NA,"CCATCCGATTCGCC","PBMC_MOUSE"
"mouse","SUBJ004","BNT162b2","Baseline","PBMC","cDNA_255","Immune",NA,NA,"CCATCGTGCTAGAC","PBMC_MOUSE"
"mouse","SUBJ008","BNT162b2","Baseline","PBMC","cDNA_256","Immune",NA,NA,"CCCAACACTTTGTC","PBMC_MOUSE"
"mouse","SUBJ005","BNT162b2","Week2","PBMC","cDNA_257","Immune",NA,NA,"CCCAACTGCAATCG","PBMC_MOUSE"
"mouse","SUBJ002","mRNA-1273","Baseline","PBMC","cDNA_258","Immune",NA,NA,"CCCAGACTGCCTTC","PBMC_MOUSE"
"mouse","SUBJ003","BNT162b2","Week12","PBMC","cDNA_259","Immune",NA,NA,"CCCAGACTTTCGCC","PBMC_MOUSE"
"mouse","SUBJ008","Placebo","Baseline","PBMC","cDNA_260",NA,NA,NA,"CCCAGTTGCAGTTG","PBMC_MOUSE"
"mouse","SUBJ001","Placebo","Baseline","PBMC","cDNA_261",NA,NA,NA,"CCCGGAGAAGGGTG","PBMC_MOUSE"
"mouse","SUBJ003","BNT162b2","Week2","PBMC","cDNA_262",NA,NA,NA,"CCCTACGAATTGGC","PBMC_MOUSE"
"mouse","SUBJ004","Placebo","Week4","PBMC","cDNA_263","Immune",NA,NA,"CCCTTACTAACCAC","PBMC_MOUSE"
"mouse","SUBJ005","mRNA-1273","Week4","PBMC","cDNA_264","Immune",NA,NA,"CCGAAAACCTTGTT","PBMC_MOUSE"
"mouse","SUBJ007","mRNA-1273","Week2","PBMC","cDNA_265","Immune",NA,NA,"CCGACTACCCAGTA","PBMC_MOUSE"
"mouse","SUBJ003","Placebo","Week4","PBMC","cDNA_266",NA,NA,NA,"CCGATAGAGTTGGT","PBMC_MOUSE"
"mouse","SUBJ007","mRNA-1273","Week4","PBMC","cDNA_267",NA,NA,NA,"CCGCGAGACACACA","PBMC_MOUSE"
"mouse","SUBJ002","BNT162b2","Week4","PBMC","cDNA_268",NA,NA,NA,"CCGCTATGTGCAAC","PBMC_MOUSE"
"mouse","SUBJ001","Placebo","Week4","PBMC","cDNA_269","Immune",NA,NA,"CCGCTATGTGCACA","PBMC_MOUSE"
"mouse","SUBJ008","Placebo","Week2","PBMC","cDNA_270","Immune",NA,NA,"CCGTACACGTTGGT","PBMC_MOUSE"
"mouse","SUBJ003","BNT162b2","Week4","PBMC","cDNA_271",NA,NA,NA,"CCTAAGGACTAGCA","PBMC_MOUSE"
"mouse","SUBJ001","BNT162b2","Week12","PBMC","cDNA_272","Immune",NA,NA,"CCTATAACGAGACG","PBMC_MOUSE"
"mouse","SUBJ006","Placebo","Week12","PBMC","cDNA_273","Immune",NA,NA,"CCTATAACTGCATG","PBMC_MOUSE"
"mouse","SUBJ002","mRNA-1273","Week2","PBMC","cDNA_274",NA,NA,NA,"CCTCGAACCCGTAA","PBMC_MOUSE"
"mouse","SUBJ006","Placebo","Baseline","PBMC","cDNA_275",NA,NA,NA,"CCTCTACTCTTCGC","PBMC_MOUSE"
"mouse","SUBJ005","Placebo","Baseline","PBMC","cDNA_276","Immune",NA,NA,"CCTGCAACACGTTG","PBMC_MOUSE"
"mouse","SUBJ002","mRNA-1273","Week12","PBMC","cDNA_277",NA,NA,NA,"CCTTAATGTTCTAC","PBMC_MOUSE"
"mouse","SUBJ007","BNT162b2","Week12","PBMC","cDNA_278",NA,NA,NA,"CCTTCACTGGAGTG","PBMC_MOUSE"
"mouse","SUBJ001","Placebo","Week2","PBMC","cDNA_279","Immune",NA,NA,"CCTTTAGATTCATC","PBMC_MOUSE"
"mouse","SUBJ003","mRNA-1273","Week2","PBMC","cDNA_280","Immune",NA,NA,"CGAACATGCCCTAC","PBMC_MOUSE"
"mouse","SUBJ008","Placebo","Week4","PBMC","cDNA_281","Immune",NA,NA,"CGAATCGAGGAGCA","PBMC_MOUSE"
"mouse","SUBJ006","BNT162b2","Week4","PBMC","cDNA_282",NA,NA,NA,"CGACTGCTTCCTCG","PBMC_MOUSE"
"mouse","SUBJ001","mRNA-1273","Week4","PBMC","cDNA_283",NA,NA,NA,"CGAGAACTTGTTCT","PBMC_MOUSE"
"mouse","SUBJ001","BNT162b2","Baseline","PBMC","cDNA_284",NA,NA,NA,"CGAGCGTGTATGCG","PBMC_MOUSE"
"mouse","SUBJ005","BNT162b2","Baseline","PBMC","cDNA_285","Immune",NA,NA,"CGAGGCACTATGCG","PBMC_MOUSE"
"mouse","SUBJ005","mRNA-1273","Week12","PBMC","cDNA_286",NA,NA,NA,"CGAGGCTGGCAGTT","PBMC_MOUSE"
"mouse","SUBJ006","mRNA-1273","Week2","PBMC","cDNA_287","Immune",NA,NA,"CGAGTATGTCACCC","PBMC_MOUSE"
"mouse","SUBJ002","mRNA-1273","Week2","PBMC","cDNA_288","Immune",NA,NA,"CGATACGAACAGTC","PBMC_MOUSE"
"mouse","SUBJ006","mRNA-1273","Week2","PBMC","cDNA_289","Immune",NA,NA,"CGATAGACCCGTAA","PBMC_MOUSE"
"mouse","SUBJ004","mRNA-1273","Week2","PBMC","cDNA_290","Immune",NA,NA,"CGATAGACGTAGGG","PBMC_MOUSE"
"mouse","SUBJ008","BNT162b2","Week4","PBMC","cDNA_291",NA,NA,NA,"CGCACTTGTCACGA","PBMC_MOUSE"
"mouse","SUBJ003","BNT162b2","Week2","PBMC","cDNA_292","Immune",NA,NA,"CGCAGGACTTGTCT","PBMC_MOUSE"
"mouse","SUBJ002","mRNA-1273","Week2","PBMC","cDNA_293","Immune",NA,NA,"CGCAGGTGCCATAG","PBMC_MOUSE"
"mouse","SUBJ004","mRNA-1273","Week12","PBMC","cDNA_294","Immune",NA,NA,"CGCATAGATCACGA","PBMC_MOUSE"
"mouse","SUBJ007","BNT162b2","Baseline","PBMC","cDNA_295",NA,NA,NA,"CGCCTAACGAATGA","PBMC_MOUSE"
"mouse","SUBJ002","mRNA-1273","Week4","PBMC","cDNA_296","Immune",NA,NA,"CGCGATCTCAGTCA","PBMC_MOUSE"
"mouse","SUBJ005","Placebo","Week2","PBMC","cDNA_297","Immune",NA,NA,"CGCGATCTGTTGAC","PBMC_MOUSE"
"mouse","SUBJ002","BNT162b2","Week2","PBMC","cDNA_298","Immune",NA,NA,"CGCTACTGAACAGA","PBMC_MOUSE"
"mouse","SUBJ004","BNT162b2","Week4","PBMC","cDNA_299","Immune",NA,NA,"CGCTCATGCATTTC","PBMC_MOUSE"
"mouse","SUBJ002","BNT162b2","Week2","PBMC","cDNA_300","Immune",NA,NA,"CGGATAACAACGAA","PBMC_MOUSE"
"mouse","SUBJ004","mRNA-1273","Baseline","PBMC","cDNA_301",NA,NA,NA,"CGGATAACTCAGTG","PBMC_MOUSE"
"mouse","SUBJ004","BNT162b2","Week2","PBMC","cDNA_302",NA,NA,NA,"CGGCACGACTACGA","PBMC_MOUSE"
"mouse","SUBJ008","BNT162b2","Week2","PBMC","cDNA_303","Immune",NA,NA,"CGGCATCTTCGTAG","PBMC_MOUSE"
"mouse","SUBJ003","BNT162b2","Week2","PBMC","cDNA_304","Immune",NA,NA,"CGGCGAACCAGTCA","PBMC_MOUSE"
"mouse","SUBJ007","mRNA-1273","Baseline","PBMC","cDNA_305","Immune",NA,NA,"CGTAGCCTCTCTCG","PBMC_MOUSE"
"mouse","SUBJ008","mRNA-1273","Baseline","PBMC","cDNA_306","Immune",NA,NA,"CGTAGCCTGTATGC","PBMC_MOUSE"
"mouse","SUBJ008","mRNA-1273","Week4","PBMC","cDNA_307","Immune",NA,NA,"CGTCAAGAAAGGTA","PBMC_MOUSE"
"mouse","SUBJ004","BNT162b2","Baseline","PBMC","cDNA_308","Immune",NA,NA,"CGTGCACTTATGGC","PBMC_MOUSE"
"mouse","SUBJ007","mRNA-1273","Week4","PBMC","cDNA_309","Immune",NA,NA,"CGTGTAGAGTTCAG","PBMC_MOUSE"
"mouse","SUBJ004","Placebo","Week4","PBMC","cDNA_310","Immune",NA,NA,"CGTTAGGATCATTC","PBMC_MOUSE"
"mouse","SUBJ006","mRNA-1273","Week2","PBMC","cDNA_311","Immune",NA,NA,"CTAACACTAGTGCT","PBMC_MOUSE"
"mouse","SUBJ002","Placebo","Week4","PBMC","cDNA_312","Immune",NA,NA,"CTAAGGACGCCATA","PBMC_MOUSE"
"mouse","SUBJ008","Placebo","Week2","PBMC","cDNA_313","Immune",NA,NA,"CTAATGCTTGTGGT","PBMC_MOUSE"
"mouse","SUBJ001","mRNA-1273","Baseline","PBMC","cDNA_314","Immune",NA,NA,"CTACGCACACCTAG","PBMC_MOUSE"
"mouse","SUBJ007","Placebo","Week12","PBMC","cDNA_315","Immune",NA,NA,"CTACGGCTTTCTTG","PBMC_MOUSE"
"mouse","SUBJ005","mRNA-1273","Week4","PBMC","cDNA_316",NA,NA,NA,"CTACTATGAACCAC","PBMC_MOUSE"
"mouse","SUBJ005","mRNA-1273","Week4","PBMC","cDNA_317",NA,NA,NA,"CTACTATGATGTGC","PBMC_MOUSE"
"mouse","SUBJ008","mRNA-1273","Week2","PBMC","cDNA_318",NA,NA,NA,"CTACTCCTGCCATA","PBMC_MOUSE"
"mouse","SUBJ001","mRNA-1273","Week12","PBMC","cDNA_319","Immune",NA,NA,"CTAGAGACTTTGGG","PBMC_MOUSE"
"mouse","SUBJ006","Placebo","Week2","PBMC","cDNA_320",NA,NA,NA,"CTAGGTGATGGTTG","PBMC_MOUSE"
"mouse","SUBJ004","mRNA-1273","Week4","PBMC","cDNA_321","Immune",NA,NA,"CTATACTGAGGTTC","PBMC_MOUSE"
"mouse","SUBJ008","mRNA-1273","Week12","PBMC","cDNA_322","Immune",NA,NA,"CTATACTGCGCTAA","PBMC_MOUSE"
"mouse","SUBJ006","BNT162b2","Week2","PBMC","cDNA_323",NA,NA,NA,"CTATAGCTTCGCTC","PBMC_MOUSE"
"mouse","SUBJ005","mRNA-1273","Week12","PBMC","cDNA_324",NA,NA,NA,"CTATAGCTTGCCTC","PBMC_MOUSE"
"mouse","SUBJ001","mRNA-1273","Baseline","PBMC","cDNA_325","Immune",NA,NA,"CTATCCCTCCACCT","PBMC_MOUSE"
"mouse","SUBJ004","Placebo","Baseline","PBMC","cDNA_326",NA,NA,NA,"CTATTGACAAACGA","PBMC_MOUSE"
"mouse","SUBJ005","mRNA-1273","Baseline","PBMC","cDNA_327",NA,NA,NA,"CTATTGACACTGGT","PBMC_MOUSE"
"mouse","SUBJ001","mRNA-1273","Baseline","PBMC","cDNA_328","Immune",NA,NA,"CTATTGACGGTGAG","PBMC_MOUSE"
"mouse","SUBJ008","BNT162b2","Baseline","PBMC","cDNA_329","Immune",NA,NA,"CTCAATTGGTTGCA","PBMC_MOUSE"
"mouse","SUBJ003","mRNA-1273","Week12","PBMC","cDNA_330","Immune",NA,NA,"CTCAGCACTGAACC","PBMC_MOUSE"
"mouse","SUBJ006","mRNA-1273","Week2","PBMC","cDNA_331","Immune",NA,NA,"CTCAGCTGAACCTG","PBMC_MOUSE"
"mouse","SUBJ005","BNT162b2","Week2","PBMC","cDNA_332","Immune",NA,NA,"CTCAGGCTCGTTGA","PBMC_MOUSE"
"mouse","SUBJ006","Placebo","Baseline","PBMC","cDNA_333","Immune",NA,NA,"CTCATTGATGCTTT","PBMC_MOUSE"
"mouse","SUBJ003","mRNA-1273","Week12","PBMC","cDNA_334",NA,NA,NA,"CTCCGAACAAGTGA","PBMC_MOUSE"
"mouse","SUBJ006","Placebo","Week12","PBMC","cDNA_335","Immune",NA,NA,"CTCCTACTGCCTTC","PBMC_MOUSE"
"mouse","SUBJ008","Placebo","Week12","PBMC","cDNA_336",NA,NA,NA,"CTCGAAGATTAGGC","PBMC_MOUSE"
"mouse","SUBJ008","BNT162b2","Week12","PBMC","cDNA_337",NA,NA,NA,"CTCTAATGTCCAAG","PBMC_MOUSE"
"mouse","SUBJ008","BNT162b2","Week12","PBMC","cDNA_338",NA,NA,NA,"CTGAAGTGAAGCCT","PBMC_MOUSE"
"mouse","SUBJ007","BNT162b2","Week2","PBMC","cDNA_339",NA,NA,NA,"CTGATTTGGTGTTG","PBMC_MOUSE"
"mouse","SUBJ003","Placebo","Week4","PBMC","cDNA_340","Immune",NA,NA,"CTGCAGCTGGATTC","PBMC_MOUSE"
"mouse","SUBJ001","BNT162b2","Baseline","PBMC","cDNA_341","Immune",NA,NA,"CTGCCAACTAACCG","PBMC_MOUSE"
"mouse","SUBJ006","BNT162b2","Week2","PBMC","cDNA_342","Immune",NA,NA,"CTGGCACTCAAGCT","PBMC_MOUSE"
"mouse","SUBJ004","mRNA-1273","Week12","PBMC","cDNA_343","Immune",NA,NA,"CTGTATACGTACGT","PBMC_MOUSE"
"mouse","SUBJ005","Placebo","Week4","PBMC","cDNA_344","Immune",NA,NA,"CTGTGAGACAACCA","PBMC_MOUSE"
"mouse","SUBJ008","mRNA-1273","Week12","PBMC","cDNA_345",NA,NA,NA,"CTGTGAGACGAACT","PBMC_MOUSE"
"mouse","SUBJ003","BNT162b2","Baseline","PBMC","cDNA_346","Immune",NA,NA,"CTGTGAGACTGTAG","PBMC_MOUSE"
"mouse","SUBJ008","BNT162b2","Week2","PBMC","cDNA_347","Immune",NA,NA,"CTTACAACTCCCGT","PBMC_MOUSE"
"mouse","SUBJ002","BNT162b2","Week4","PBMC","cDNA_348",NA,NA,NA,"CTTCACCTACCTGA","PBMC_MOUSE"
"mouse","SUBJ002","BNT162b2","Week4","PBMC","cDNA_349","Immune",NA,NA,"CTTGATTGATCTTC","PBMC_MOUSE"
"mouse","SUBJ002","Placebo","Week4","PBMC","cDNA_350",NA,NA,NA,"GAAACCTGGACTAC","PBMC_MOUSE"
"mouse","SUBJ008","Placebo","Week4","PBMC","cDNA_351","Immune",NA,NA,"GAAAGATGCTGATG","PBMC_MOUSE"
"mouse","SUBJ002","Placebo","Week12","PBMC","cDNA_352","Immune",NA,NA,"GAAAGATGCTTCGC","PBMC_MOUSE"
"mouse","SUBJ003","BNT162b2","Week4","PBMC","cDNA_353","Immune",NA,NA,"GAAAGTGACCACAA","PBMC_MOUSE"
"mouse","SUBJ001","BNT162b2","Week4","PBMC","cDNA_354","Immune",NA,NA,"GAAATACTACCAAC","PBMC_MOUSE"
"mouse","SUBJ001","Placebo","Week12","PBMC","cDNA_355","Immune",NA,NA,"GAACACACGTGCAT","PBMC_MOUSE"
"mouse","SUBJ007","BNT162b2","Week2","PBMC","cDNA_356",NA,NA,NA,"GAACAGCTAACTGC","PBMC_MOUSE"
"mouse","SUBJ007","Placebo","Baseline","PBMC","cDNA_357","Immune",NA,NA,"GAACAGCTCTCAGA","PBMC_MOUSE"
"mouse","SUBJ008","Placebo","Week12","PBMC","cDNA_358","Immune",NA,NA,"GAACTGTGACCTGA","PBMC_MOUSE"
"mouse","SUBJ006","BNT162b2","Baseline","PBMC","cDNA_359","Immune",NA,NA,"GAACTGTGCCAGTA","PBMC_MOUSE"
"mouse","SUBJ005","mRNA-1273","Week2","PBMC","cDNA_360",NA,NA,NA,"GAAGCGGACCTATT","PBMC_MOUSE"
"mouse","SUBJ004","BNT162b2","Baseline","PBMC","cDNA_361",NA,NA,NA,"GAAGCTACGAATGA","PBMC_MOUSE"
"mouse","SUBJ004","Placebo","Baseline","PBMC","cDNA_362","Immune",NA,NA,"GAAGGGTGCTTAGG","PBMC_MOUSE"
"mouse","SUBJ005","BNT162b2","Baseline","PBMC","cDNA_363",NA,NA,NA,"GAAGTAGATCCAAG","PBMC_MOUSE"
"mouse","SUBJ001","BNT162b2","Baseline","PBMC","cDNA_364","Immune",NA,NA,"GAAGTCACCCTCGT","PBMC_MOUSE"
"mouse","SUBJ001","mRNA-1273","Week2","PBMC","cDNA_365","Immune",NA,NA,"GAAGTGCTCCGCTT","PBMC_MOUSE"
"mouse","SUBJ004","BNT162b2","Baseline","PBMC","cDNA_366","Immune",NA,NA,"GACAGTACGAGCTT","PBMC_MOUSE"
"mouse","SUBJ002","mRNA-1273","Baseline","PBMC","cDNA_367","Immune",NA,NA,"GACAGTACTTCGGA","PBMC_MOUSE"
"mouse","SUBJ006","BNT162b2","Baseline","PBMC","cDNA_368","Immune",NA,NA,"GACCAAACGACTAC","PBMC_MOUSE"
"mouse","SUBJ002","Placebo","Baseline","PBMC","cDNA_369","Immune",NA,NA,"GACCAAACGTATCG","PBMC_MOUSE"
"mouse","SUBJ002","BNT162b2","Week4","PBMC","cDNA_370",NA,NA,NA,"GACCTCACGTACGT","PBMC_MOUSE"
"mouse","SUBJ005","BNT162b2","Week12","PBMC","cDNA_371",NA,NA,NA,"GACGCTCTCTCTCG","PBMC_MOUSE"
"mouse","SUBJ002","BNT162b2","Baseline","PBMC","cDNA_372","Immune",NA,NA,"GACGGCACGAGATA","PBMC_MOUSE"
"mouse","SUBJ002","Placebo","Week2","PBMC","cDNA_373",NA,NA,NA,"GACGTCCTCTCAAG","PBMC_MOUSE"
"mouse","SUBJ004","Placebo","Week2","PBMC","cDNA_374","Immune",NA,NA,"GACTCCTGTTGGTG","PBMC_MOUSE"
"mouse","SUBJ007","BNT162b2","Baseline","PBMC","cDNA_375","Immune",NA,NA,"GACTGAACCAATCG","PBMC_MOUSE"
"mouse","SUBJ008","Placebo","Week2","PBMC","cDNA_376","Immune",NA,NA,"GAGATAGAAAAAGC","PBMC_MOUSE"
"mouse","SUBJ008","BNT162b2","Week4","PBMC","cDNA_377",NA,NA,NA,"GAGATCACGACAAA","PBMC_MOUSE"
"mouse","SUBJ002","mRNA-1273","Week4","PBMC","cDNA_378",NA,NA,NA,"GAGCATACTTTGCT","PBMC_MOUSE"
"mouse","SUBJ005","mRNA-1273","Week2","PBMC","cDNA_379",NA,NA,NA,"GAGCGCACGCGTAT","PBMC_MOUSE"
"mouse","SUBJ007","mRNA-1273","Baseline","PBMC","cDNA_380","Immune",NA,NA,"GAGCGCTGTCTTAC","PBMC_MOUSE"
"mouse","SUBJ001","Placebo","Week2","PBMC","cDNA_381",NA,NA,NA,"GAGGTACTACTCAG","PBMC_MOUSE"
"mouse","SUBJ001","mRNA-1273","Week12","PBMC","cDNA_382",NA,NA,NA,"GAGGTACTTAGCGT","PBMC_MOUSE"
"mouse","SUBJ007","mRNA-1273","Week2","PBMC","cDNA_383","Immune",NA,NA,"GAGGTTACTCGTTT","PBMC_MOUSE"
"mouse","SUBJ003","BNT162b2","Week2","PBMC","cDNA_384","Immune",NA,NA,"GAGGTTTGTAAGCC","PBMC_MOUSE"
"mouse","SUBJ007","mRNA-1273","Week4","PBMC","cDNA_385","Immune",NA,NA,"GAGTTGTGCATGGT","PBMC_MOUSE"
"mouse","SUBJ003","Placebo","Baseline","PBMC","cDNA_386","Immune",NA,NA,"GAGTTGTGGCGAGA","PBMC_MOUSE"
"mouse","SUBJ007","Placebo","Baseline","PBMC","cDNA_387","Immune",NA,NA,"GAGTTGTGGTAGCT","PBMC_MOUSE"
"mouse","SUBJ006","BNT162b2","Week12","PBMC","cDNA_388",NA,NA,NA,"GAGTTGTGTATGCG","PBMC_MOUSE"
"mouse","SUBJ004","BNT162b2","Week4","PBMC","cDNA_389","Immune",NA,NA,"GATAAGGAGAAACA","PBMC_MOUSE"
"mouse","SUBJ007","BNT162b2","Week12","PBMC","cDNA_390","Immune",NA,NA,"GATAAGGATTCACT","PBMC_MOUSE"
"mouse","SUBJ001","Placebo","Week2","PBMC","cDNA_391","Immune",NA,NA,"GATACTCTTGACTG","PBMC_MOUSE"
"mouse","SUBJ003","mRNA-1273","Week12","PBMC","cDNA_392","Immune",NA,NA,"GATAGAGATCACGA","PBMC_MOUSE"
"mouse","SUBJ002","mRNA-1273","Baseline","PBMC","cDNA_393",NA,NA,NA,"GATAGCACGAAGGC","PBMC_MOUSE"
"mouse","SUBJ008","mRNA-1273","Week4","PBMC","cDNA_394","Immune",NA,NA,"GATATATGTGGAGG","PBMC_MOUSE"
"mouse","SUBJ001","Placebo","Week12","PBMC","cDNA_395","Immune",NA,NA,"GATATCCTCCCGTT","PBMC_MOUSE"
"mouse","SUBJ008","Placebo","Week2","PBMC","cDNA_396",NA,NA,NA,"GATATTGACGAGTT","PBMC_MOUSE"
"mouse","SUBJ005","Placebo","Week4","PBMC","cDNA_397","Immune",NA,NA,"GATCCGCTGGTCAT","PBMC_MOUSE"
"mouse","SUBJ001","Placebo","Baseline","PBMC","cDNA_398","Immune",NA,NA,"GATCGATGTAAGGA","PBMC_MOUSE"
"mouse","SUBJ005","mRNA-1273","Week4","PBMC","cDNA_399","Immune",NA,NA,"GATCTTACACCCAA","PBMC_MOUSE"
"mouse","SUBJ001","mRNA-1273","Baseline","PBMC","cDNA_400",NA,NA,NA,"GATCTTACGAATAG","PBMC_MOUSE"
"mouse","SUBJ003","Placebo","Baseline","PBMC","cDNA_401","Immune",NA,NA,"GATCTTACGAGATA","PBMC_MOUSE"
"mouse","SUBJ007","mRNA-1273","Week4","PBMC","cDNA_402",NA,NA,NA,"GATGCCCTGGCAAG","PBMC_MOUSE"
"mouse","SUBJ006","mRNA-1273","Week12","PBMC","cDNA_403","Immune",NA,NA,"GATTCGGACAGGAG","PBMC_MOUSE"
"mouse","SUBJ006","BNT162b2","Week12","PBMC","cDNA_404","Immune",NA,NA,"GATTCGGAGAAGGC","PBMC_MOUSE"
"mouse","SUBJ005","Placebo","Week4","PBMC","cDNA_405",NA,NA,NA,"GATTCTTGATTCGG","PBMC_MOUSE"
"mouse","SUBJ007","mRNA-1273","Week12","PBMC","cDNA_406",NA,NA,NA,"GATTTAGACACTCC","PBMC_MOUSE"
"mouse","SUBJ007","BNT162b2","Baseline","PBMC","cDNA_407","Immune",NA,NA,"GATTTAGATTCGTT","PBMC_MOUSE"
"mouse","SUBJ002","Placebo","Week2","PBMC","cDNA_408","Immune",NA,NA,"GATTTGCTAACGGG","PBMC_MOUSE"
"mouse","SUBJ004","BNT162b2","Week2","PBMC","cDNA_409","Immune",NA,NA,"GCAACCCTCCTCGT","PBMC_MOUSE"
"mouse","SUBJ004","mRNA-1273","Week12","PBMC","cDNA_410","Immune",NA,NA,"GCAATCGAGACGTT","PBMC_MOUSE"
"mouse","SUBJ007","BNT162b2","Week4","PBMC","cDNA_411",NA,NA,NA,"GCAATCGATCCTTA","PBMC_MOUSE"
"mouse","SUBJ007","Placebo","Week2","PBMC","cDNA_412",NA,NA,NA,"GCACAATGGTGCAT","PBMC_MOUSE"
"mouse","SUBJ003","BNT162b2","Baseline","PBMC","cDNA_413",NA,NA,NA,"GCACCACTCATGAC","PBMC_MOUSE"
"mouse","SUBJ007","mRNA-1273","Week12","PBMC","cDNA_414",NA,NA,NA,"GCACCACTGTTTGG","PBMC_MOUSE"
"mouse","SUBJ001","Placebo","Week2","PBMC","cDNA_415",NA,NA,NA,"GCACCACTTTCGGA","PBMC_MOUSE"
"mouse","SUBJ002","mRNA-1273","Baseline","PBMC","cDNA_416","Immune",NA,NA,"GCACCTTGGGGAGT","PBMC_MOUSE"
"mouse","SUBJ006","BNT162b2","Week4","PBMC","cDNA_417","Immune",NA,NA,"GCACGGTGCTATGG","PBMC_MOUSE"
"mouse","SUBJ008","BNT162b2","Week4","PBMC","cDNA_418",NA,NA,NA,"GCACTAGACCTTTA","PBMC_MOUSE"
"mouse","SUBJ004","mRNA-1273","Week12","PBMC","cDNA_419","Immune",NA,NA,"GCCACGGAGGCGAA","PBMC_MOUSE"
"mouse","SUBJ002","mRNA-1273","Week2","PBMC","cDNA_420","Immune",NA,NA,"GCCGACGAACTCTT","PBMC_MOUSE"
"mouse","SUBJ007","Placebo","Week12","PBMC","cDNA_421",NA,NA,NA,"GCCGTACTGGCAAG","PBMC_MOUSE"
"mouse","SUBJ002","mRNA-1273","Week12","PBMC","cDNA_422","Immune",NA,NA,"GCCTACACCACTGA","PBMC_MOUSE"
"mouse","SUBJ006","mRNA-1273","Baseline","PBMC","cDNA_423","Immune",NA,NA,"GCCTAGCTTCTCTA","PBMC_MOUSE"
"mouse","SUBJ005","BNT162b2","Baseline","PBMC","cDNA_424","Immune",NA,NA,"GCCTGACTCTCAAG","PBMC_MOUSE"
"mouse","SUBJ003","BNT162b2","Week2","PBMC","cDNA_425",NA,NA,NA,"GCGAGCACTTGCTT","PBMC_MOUSE"
"mouse","SUBJ003","mRNA-1273","Week2","PBMC","cDNA_426","Immune",NA,NA,"GCGCACGACTTTAC","PBMC_MOUSE"
"mouse","SUBJ001","BNT162b2","Baseline","PBMC","cDNA_427","Immune",NA,NA,"GCGCATCTGGTTAC","PBMC_MOUSE"
"mouse","SUBJ002","Placebo","Week4","PBMC","cDNA_428","Immune",NA,NA,"GCGGCAACTGTCGA","PBMC_MOUSE"
"mouse","SUBJ007","mRNA-1273","Week2","PBMC","cDNA_429","Immune",NA,NA,"GCGTAATGCACCAA","PBMC_MOUSE"
"mouse","SUBJ007","Placebo","Week4","PBMC","cDNA_430",NA,NA,NA,"GCGTATGATGAGAA","PBMC_MOUSE"
"mouse","SUBJ007","Placebo","Week4","PBMC","cDNA_431","Immune",NA,NA,"GCTACCTGAGAAGT","PBMC_MOUSE"
"mouse","SUBJ004","BNT162b2","Week4","PBMC","cDNA_432","Immune",NA,NA,"GCTAGATGAGCTCA","PBMC_MOUSE"
"mouse","SUBJ007","BNT162b2","Week2","PBMC","cDNA_433","Immune",NA,NA,"GCTCAAGAACCATG","PBMC_MOUSE"
"mouse","SUBJ001","Placebo","Week2","PBMC","cDNA_434",NA,NA,NA,"GCTCAAGAAGTCAC","PBMC_MOUSE"
"mouse","SUBJ006","mRNA-1273","Week4","PBMC","cDNA_435",NA,NA,NA,"GCTCGACTCTAGTG","PBMC_MOUSE"
"mouse","SUBJ004","mRNA-1273","Week4","PBMC","cDNA_436","Immune",NA,NA,"GCTGATGAGGTATC","PBMC_MOUSE"
"mouse","SUBJ007","Placebo","Week12","PBMC","cDNA_437",NA,NA,NA,"GCTTAACTACAGTC","PBMC_MOUSE"
"mouse","SUBJ005","Placebo","Week2","PBMC","cDNA_438","Immune",NA,NA,"GCTTAACTTAGACC","PBMC_MOUSE"
"mouse","SUBJ008","BNT162b2","Week4","PBMC","cDNA_439","Immune",NA,NA,"GGAACACTCACTTT","PBMC_MOUSE"
"mouse","SUBJ003","mRNA-1273","Week4","PBMC","cDNA_440",NA,NA,NA,"GGAACACTTCAGAC","PBMC_MOUSE"
"mouse","SUBJ006","BNT162b2","Week4","PBMC","cDNA_441","Immune",NA,NA,"GGAACTTGAAGGTA","PBMC_MOUSE"
"mouse","SUBJ004","mRNA-1273","Week2","PBMC","cDNA_442","Immune",NA,NA,"GGAACTTGCTCCAC","PBMC_MOUSE"
"mouse","SUBJ002","BNT162b2","Week2","PBMC","cDNA_443","Immune",NA,NA,"GGAAGGACATCGGT","PBMC_MOUSE"
"mouse","SUBJ005","mRNA-1273","Baseline","PBMC","cDNA_444","Immune",NA,NA,"GGAATCTGCTTGTT","PBMC_MOUSE"
"mouse","SUBJ003","mRNA-1273","Week2","PBMC","cDNA_445","Immune",NA,NA,"GGACCCGAAGCTAC","PBMC_MOUSE"
"mouse","SUBJ003","mRNA-1273","Week12","PBMC","cDNA_446","Immune",NA,NA,"GGACCGTGCTTACT","PBMC_MOUSE"
"mouse","SUBJ006","Placebo","Week2","PBMC","cDNA_447","Immune",NA,NA,"GGACCTCTGTAAGA","PBMC_MOUSE"
"mouse","SUBJ003","Placebo","Week4","PBMC","cDNA_448","Immune",NA,NA,"GGACGAGAGTGTCA","PBMC_MOUSE"
"mouse","SUBJ001","mRNA-1273","Week2","PBMC","cDNA_449",NA,NA,NA,"GGAGCGCTACGCAT","PBMC_MOUSE"
"mouse","SUBJ008","Placebo","Baseline","PBMC","cDNA_450","Immune",NA,NA,"GGAGGATGGTTGAC","PBMC_MOUSE"
"mouse","SUBJ006","BNT162b2","Week4","PBMC","cDNA_451","Immune",NA,NA,"GGAGGATGTCAGTG","PBMC_MOUSE"
"mouse","SUBJ002","Placebo","Week2","PBMC","cDNA_452","Immune",NA,NA,"GGATGTACGTCTTT","PBMC_MOUSE"
"mouse","SUBJ006","mRNA-1273","Week12","PBMC","cDNA_453","Immune",NA,NA,"GGATTTCTTTGTCT","PBMC_MOUSE"
"mouse","SUBJ003","mRNA-1273","Week2","PBMC","cDNA_454",NA,NA,NA,"GGCAAGGACTTGGA","PBMC_MOUSE"
"mouse","SUBJ006","BNT162b2","Baseline","PBMC","cDNA_455","Immune",NA,NA,"GGCACGTGGCTTAG","PBMC_MOUSE"
"mouse","SUBJ006","Placebo","Week12","PBMC","cDNA_456","Immune",NA,NA,"GGCATATGGGGAGT","PBMC_MOUSE"
"mouse","SUBJ004","Placebo","Week2","PBMC","cDNA_457","Immune",NA,NA,"GGCCCAGAAAGTAG","PBMC_MOUSE"
"mouse","SUBJ001","BNT162b2","Week4","PBMC","cDNA_458","Immune",NA,NA,"GGCGCATGCCTAAG","PBMC_MOUSE"
"mouse","SUBJ003","mRNA-1273","Week2","PBMC","cDNA_459","Immune",NA,NA,"GGCTCACTACTCAG","PBMC_MOUSE"
"mouse","SUBJ001","Placebo","Week4","PBMC","cDNA_460",NA,NA,NA,"GGGAACGAAGCTCA","PBMC_MOUSE"
"mouse","SUBJ006","Placebo","Week2","PBMC","cDNA_461","Immune",NA,NA,"GGGAACGAGTGTCA","PBMC_MOUSE"
"mouse","SUBJ005","BNT162b2","Week12","PBMC","cDNA_462","Immune",NA,NA,"GGGAAGTGTTGAGC","PBMC_MOUSE"
"mouse","SUBJ004","mRNA-1273","Baseline","PBMC","cDNA_463","Immune",NA,NA,"GGGACCTGACCCTC","PBMC_MOUSE"
"mouse","SUBJ003","BNT162b2","Baseline","PBMC","cDNA_464","Immune",NA,NA,"GGGATGGATGGTTG","PBMC_MOUSE"
"mouse","SUBJ001","BNT162b2","Week12","PBMC","cDNA_465",NA,NA,NA,"GGGCAAGATGCATG","PBMC_MOUSE"
"mouse","SUBJ002","Placebo","Week12","PBMC","cDNA_466",NA,NA,NA,"GGGCACACGGTGAG","PBMC_MOUSE"
"mouse","SUBJ004","Placebo","Week12","PBMC","cDNA_467",NA,NA,NA,"GGGCCAACTACGCA","PBMC_MOUSE"
"mouse","SUBJ001","BNT162b2","Week4","PBMC","cDNA_468","Immune",NA,NA,"GGTACTGAACTCTT","PBMC_MOUSE"
"mouse","SUBJ007","mRNA-1273","Week4","PBMC","cDNA_469","Immune",NA,NA,"GGTAGTACACTAGC","PBMC_MOUSE"
"mouse","SUBJ008","mRNA-1273","Week4","PBMC","cDNA_470",NA,NA,NA,"GGTAGTACGCCATA","PBMC_MOUSE"
"mouse","SUBJ006","mRNA-1273","Week2","PBMC","cDNA_471","Immune",NA,NA,"GGTATCGAGACAAA","PBMC_MOUSE"
"mouse","SUBJ006","mRNA-1273","Week12","PBMC","cDNA_472",NA,NA,NA,"GGTCTAGAGAAACA","PBMC_MOUSE"
"mouse","SUBJ002","mRNA-1273","Baseline","PBMC","cDNA_473","Immune",NA,NA,"GGTCTAGATAGCGT","PBMC_MOUSE"
"mouse","SUBJ008","BNT162b2","Baseline","PBMC","cDNA_474","Immune",NA,NA,"GGTGATACGACTAC","PBMC_MOUSE"
"mouse","SUBJ005","mRNA-1273","Baseline","PBMC","cDNA_475",NA,NA,NA,"GGTGGAGATCTCTA","PBMC_MOUSE"
"mouse","SUBJ004","mRNA-1273","Week12","PBMC","cDNA_476",NA,NA,NA,"GTAACGTGACCTCC","PBMC_MOUSE"
"mouse","SUBJ008","BNT162b2","Week4","PBMC","cDNA_477","Immune",NA,NA,"GTAAGCTGGTACCA","PBMC_MOUSE"
"mouse","SUBJ005","BNT162b2","Week4","PBMC","cDNA_478","Immune",NA,NA,"GTAATAACCTTCTA","PBMC_MOUSE"
"mouse","SUBJ007","BNT162b2","Week2","PBMC","cDNA_479",NA,NA,NA,"GTACCCTGACAGTC","PBMC_MOUSE"
"mouse","SUBJ002","Placebo","Week12","PBMC","cDNA_480","Immune",NA,NA,"GTAGACTGAGATGA","PBMC_MOUSE"
"mouse","SUBJ003","BNT162b2","Week2","PBMC","cDNA_481","Immune",NA,NA,"GTAGCAACAGTCGT","PBMC_MOUSE"
"mouse","SUBJ005","mRNA-1273","Week4","PBMC","cDNA_482","Immune",NA,NA,"GTAGCAACGGTAGG","PBMC_MOUSE"
"mouse","SUBJ007","mRNA-1273","Week4","PBMC","cDNA_483",NA,NA,NA,"GTAGCATGTAAGCC","PBMC_MOUSE"
"mouse","SUBJ001","mRNA-1273","Week2","PBMC","cDNA_484","Immune",NA,NA,"GTAGCTGAAGCTAC","PBMC_MOUSE"
"mouse","SUBJ001","BNT162b2","Baseline","PBMC","cDNA_485","Immune",NA,NA,"GTAGGTACACGGGA","PBMC_MOUSE"
"mouse","SUBJ002","BNT162b2","Baseline","PBMC","cDNA_486",NA,NA,NA,"GTAGTGTGAGGCGA","PBMC_MOUSE"
"mouse","SUBJ007","Placebo","Week2","PBMC","cDNA_487","Immune",NA,NA,"GTATCACTGGTAGG","PBMC_MOUSE"
"mouse","SUBJ002","mRNA-1273","Baseline","PBMC","cDNA_488",NA,NA,NA,"GTCAACGAGTGTAC","PBMC_MOUSE"
"mouse","SUBJ002","Placebo","Week4","PBMC","cDNA_489","Immune",NA,NA,"GTCATACTTCGCCT","PBMC_MOUSE"
"mouse","SUBJ008","Placebo","Baseline","PBMC","cDNA_490","Immune",NA,NA,"GTCCACTGGGTACT","PBMC_MOUSE"
"mouse","SUBJ006","BNT162b2","Baseline","PBMC","cDNA_491","Immune",NA,NA,"GTCCCATGTGGTGT","PBMC_MOUSE"
"mouse","SUBJ005","mRNA-1273","Week4","PBMC","cDNA_492","Immune",NA,NA,"GTCGAATGAAGGCG","PBMC_MOUSE"
"mouse","SUBJ008","BNT162b2","Week12","PBMC","cDNA_493","Immune",NA,NA,"GTCTAACTGGTCTA","PBMC_MOUSE"
"mouse","SUBJ007","BNT162b2","Week4","PBMC","cDNA_494","Immune",NA,NA,"GTCTAGGAGCTTCC","PBMC_MOUSE"
"mouse","SUBJ007","mRNA-1273","Baseline","PBMC","cDNA_495","Immune",NA,NA,"GTGATTCTCTCTCG","PBMC_MOUSE"
"mouse","SUBJ006","mRNA-1273","Week4","PBMC","cDNA_496","Immune",NA,NA,"GTGGATTGCACTAG","PBMC_MOUSE"
"mouse","SUBJ006","BNT162b2","Week4","PBMC","cDNA_497",NA,NA,NA,"GTTAGGTGCCAGTA","PBMC_MOUSE"
"mouse","SUBJ004","Placebo","Week2","PBMC","cDNA_498","Immune",NA,NA,"GTTAGGTGCCCAAA","PBMC_MOUSE"
"mouse","SUBJ005","Placebo","Week12","PBMC","cDNA_499","Immune",NA,NA,"GTTGAGTGGTCTTT","PBMC_MOUSE"
"mouse","SUBJ003","mRNA-1273","Week2","PBMC","cDNA_500","Immune",NA,NA,"GTTGGATGTTTACC","PBMC_MOUSE"
"mouse","SUBJ003","Placebo","Week2","PBMC","cDNA_501","Immune",NA,NA,"GTTGTACTATTCCT","PBMC_MOUSE"
"mouse","SUBJ006","BNT162b2","Week2","PBMC","cDNA_502",NA,NA,NA,"GTTTAAGACCATGA","PBMC_MOUSE"
"mouse","SUBJ008","Placebo","Week12","PBMC","cDNA_503",NA,NA,NA,"TAACACCTTCGCTC","PBMC_MOUSE"
"mouse","SUBJ004","BNT162b2","Baseline","PBMC","cDNA_504","Immune",NA,NA,"TAACACCTTCGTAG","PBMC_MOUSE"
"mouse","SUBJ001","BNT162b2","Baseline","PBMC","cDNA_505","Immune",NA,NA,"TAACACCTTGTTTC","PBMC_MOUSE"
"mouse","SUBJ003","BNT162b2","Week12","PBMC","cDNA_506",NA,NA,NA,"TAACGTCTCAACCA","PBMC_MOUSE"
"mouse","SUBJ007","mRNA-1273","Week12","PBMC","cDNA_507","Immune",NA,NA,"TAACTCACGAGGAC","PBMC_MOUSE"
"mouse","SUBJ003","Placebo","Week12","PBMC","cDNA_508","Immune",NA,NA,"TAACTCACGTATCG","PBMC_MOUSE"
"mouse","SUBJ001","Placebo","Week4","PBMC","cDNA_509","Immune",NA,NA,"TAAGAACTGTGTCA","PBMC_MOUSE"
"mouse","SUBJ002","Placebo","Week12","PBMC","cDNA_510","Immune",NA,NA,"TAAGATACGGTTCA","PBMC_MOUSE"
"mouse","SUBJ008","BNT162b2","Week12","PBMC","cDNA_511","Immune",NA,NA,"TAAGCGTGAGGTTC","PBMC_MOUSE"
"mouse","SUBJ008","mRNA-1273","Week12","PBMC","cDNA_512","Immune",NA,NA,"TAAGCGTGGACAAA","PBMC_MOUSE"
"mouse","SUBJ003","Placebo","Baseline","PBMC","cDNA_513","Immune",NA,NA,"TAAGCGTGTGCTCC","PBMC_MOUSE"
"mouse","SUBJ003","Placebo","Week2","PBMC","cDNA_514","Immune",NA,NA,"TAAGGCTGTCTCGC","PBMC_MOUSE"
"mouse","SUBJ007","BNT162b2","Week2","PBMC","cDNA_515","Immune",NA,NA,"TAATGTGACTGCAA","PBMC_MOUSE"
"mouse","SUBJ004","BNT162b2","Week12","PBMC","cDNA_516","Immune",NA,NA,"TACAATGAAAACAG","PBMC_MOUSE"
"mouse","SUBJ006","mRNA-1273","Week12","PBMC","cDNA_517","Immune",NA,NA,"TACATCACCTGTTT","PBMC_MOUSE"
"mouse","SUBJ003","mRNA-1273","Week12","PBMC","cDNA_518","Immune",NA,NA,"TACATCACTGAACC","PBMC_MOUSE"
"mouse","SUBJ005","BNT162b2","Week12","PBMC","cDNA_519","Immune",NA,NA,"TACCATTGCGGGAA","PBMC_MOUSE"
"mouse","SUBJ005","BNT162b2","Week12","PBMC","cDNA_520","Immune",NA,NA,"TACCATTGGGGATG","PBMC_MOUSE"
"mouse","SUBJ008","Placebo","Week4","PBMC","cDNA_521","Immune",NA,NA,"TACCATTGTGAGGG","PBMC_MOUSE"
"mouse","SUBJ005","mRNA-1273","Week4","PBMC","cDNA_522","Immune",NA,NA,"TACGAGTGATGCTG","PBMC_MOUSE"
"mouse","SUBJ005","BNT162b2","Baseline","PBMC","cDNA_523","Immune",NA,NA,"TACGATCTCACTGA","PBMC_MOUSE"
"mouse","SUBJ003","Placebo","Week2","PBMC","cDNA_524","Immune",NA,NA,"TACGCCACTCCCAC","PBMC_MOUSE"
"mouse","SUBJ004","BNT162b2","Week4","PBMC","cDNA_525","Immune",NA,NA,"TACGTTACCAAGCT","PBMC_MOUSE"
"mouse","SUBJ006","Placebo","Week12","PBMC","cDNA_526",NA,NA,NA,"TACTAAGATGATGC","PBMC_MOUSE"
"mouse","SUBJ005","BNT162b2","Week12","PBMC","cDNA_527","Immune",NA,NA,"TACTACTGAACCTG","PBMC_MOUSE"
"mouse","SUBJ005","Placebo","Week4","PBMC","cDNA_528","Immune",NA,NA,"TACTCAACGGTCTA","PBMC_MOUSE"
"mouse","SUBJ004","BNT162b2","Week2","PBMC","cDNA_529","Immune",NA,NA,"TAGAAACTGCTTCC","PBMC_MOUSE"
"mouse","SUBJ008","mRNA-1273","Week2","PBMC","cDNA_530","Immune",NA,NA,"TAGCATCTGCTGTA","PBMC_MOUSE"
"mouse","SUBJ004","Placebo","Baseline","PBMC","cDNA_531","Immune",NA,NA,"TAGCCGCTTTCCAT","PBMC_MOUSE"
"mouse","SUBJ007","mRNA-1273","Week4","PBMC","cDNA_532",NA,NA,NA,"TAGGCTGATGCCTC","PBMC_MOUSE"
"mouse","SUBJ006","Placebo","Week12","PBMC","cDNA_533","Immune",NA,NA,"TAGGTTCTTCTTAC","PBMC_MOUSE"
"mouse","SUBJ004","mRNA-1273","Week2","PBMC","cDNA_534","Immune",NA,NA,"TAGGTTCTTGCTGA","PBMC_MOUSE"
"mouse","SUBJ001","Placebo","Week4","PBMC","cDNA_535","Immune",NA,NA,"TAGTACCTAAGAAC","PBMC_MOUSE"
"mouse","SUBJ001","mRNA-1273","Baseline","PBMC","cDNA_536","Immune",NA,NA,"TATAAGACAGCTCA","PBMC_MOUSE"
"mouse","SUBJ001","BNT162b2","Week4","PBMC","cDNA_537",NA,NA,NA,"TATAAGTGACACCA","PBMC_MOUSE"
"mouse","SUBJ006","BNT162b2","Week4","PBMC","cDNA_538","Immune",NA,NA,"TATAAGTGTATCGG","PBMC_MOUSE"
"mouse","SUBJ002","mRNA-1273","Week4","PBMC","cDNA_539","Immune",NA,NA,"TATAAGTGTGGTGT","PBMC_MOUSE"
"mouse","SUBJ007","Placebo","Week2","PBMC","cDNA_540","Immune",NA,NA,"TATAGATGTTCCGC","PBMC_MOUSE"
"mouse","SUBJ008","mRNA-1273","Week4","PBMC","cDNA_541",NA,NA,NA,"TATCCAACCAGCTA","PBMC_MOUSE"
"mouse","SUBJ003","BNT162b2","Week12","PBMC","cDNA_542","Immune",NA,NA,"TATCGACTCGATAC","PBMC_MOUSE"
"mouse","SUBJ007","mRNA-1273","Week4","PBMC","cDNA_543","Immune",NA,NA,"TATCGTACATTCCT","PBMC_MOUSE"
"mouse","SUBJ002","BNT162b2","Week2","PBMC","cDNA_544","Immune",NA,NA,"TATGAATGTTTGCT","PBMC_MOUSE"
"mouse","SUBJ008","mRNA-1273","Week2","PBMC","cDNA_545",NA,NA,NA,"TATGTCACTAACCG","PBMC_MOUSE"
"mouse","SUBJ005","mRNA-1273","Baseline","PBMC","cDNA_546",NA,NA,NA,"TATGTGCTCCGATA","PBMC_MOUSE"
"mouse","SUBJ003","BNT162b2","Baseline","PBMC","cDNA_547","Immune",NA,NA,"TATTGCTGAAGAAC","PBMC_MOUSE"
"mouse","SUBJ004","BNT162b2","Baseline","PBMC","cDNA_548","Immune",NA,NA,"TATTTCCTATTGGC","PBMC_MOUSE"
"mouse","SUBJ006","BNT162b2","Baseline","PBMC","cDNA_549",NA,NA,NA,"TCAAGGACGGTGTT","PBMC_MOUSE"
"mouse","SUBJ004","BNT162b2","Baseline","PBMC","cDNA_550",NA,NA,NA,"TCAATCACAGTCGT","PBMC_MOUSE"
"mouse","SUBJ002","Placebo","Week2","PBMC","cDNA_551",NA,NA,NA,"TCACAACTTTGCTT","PBMC_MOUSE"
"mouse","SUBJ001","mRNA-1273","Week4","PBMC","cDNA_552","Immune",NA,NA,"TCACCCGAGACGGA","PBMC_MOUSE"
"mouse","SUBJ005","mRNA-1273","Week4","PBMC","cDNA_553","Immune",NA,NA,"TCACCGTGCTCGCT","PBMC_MOUSE"
"mouse","SUBJ007","BNT162b2","Week4","PBMC","cDNA_554",NA,NA,NA,"TCACCTCTTCCAAG","PBMC_MOUSE"
"mouse","SUBJ005","BNT162b2","Week12","PBMC","cDNA_555","Immune",NA,NA,"TCAGGATGCCTTTA","PBMC_MOUSE"
"mouse","SUBJ005","BNT162b2","Week4","PBMC","cDNA_556","Immune",NA,NA,"TCAGTTACCTACGA","PBMC_MOUSE"
"mouse","SUBJ003","mRNA-1273","Baseline","PBMC","cDNA_557","Immune",NA,NA,"TCATCAACTGTTCT","PBMC_MOUSE"
"mouse","SUBJ005","mRNA-1273","Week4","PBMC","cDNA_558","Immune",NA,NA,"TCATTCGATACAGC","PBMC_MOUSE"
"mouse","SUBJ004","Placebo","Week12","PBMC","cDNA_559",NA,NA,NA,"TCCACTCTGAGCTT","PBMC_MOUSE"
"mouse","SUBJ005","Placebo","Week2","PBMC","cDNA_560",NA,NA,NA,"TCCCATCTCAAAGA","PBMC_MOUSE"
"mouse","SUBJ005","BNT162b2","Week2","PBMC","cDNA_561","Immune",NA,NA,"TCCCGAACTTCGCC","PBMC_MOUSE"
"mouse","SUBJ006","Placebo","Week12","PBMC","cDNA_562","Immune",NA,NA,"TCCCGATGCCTGAA","PBMC_MOUSE"
"mouse","SUBJ008","Placebo","Baseline","PBMC","cDNA_563","Immune",NA,NA,"TCCGAAGACAATCG","PBMC_MOUSE"
"mouse","SUBJ007","mRNA-1273","Week2","PBMC","cDNA_564","Immune",NA,NA,"TCGACCTGCCGATA","PBMC_MOUSE"
"mouse","SUBJ008","BNT162b2","Baseline","PBMC","cDNA_565",NA,NA,NA,"TCGACGCTTCTATC","PBMC_MOUSE"
"mouse","SUBJ002","mRNA-1273","Week12","PBMC","cDNA_566","Immune",NA,NA,"TCGATTTGATGCCA","PBMC_MOUSE"
"mouse","SUBJ001","Placebo","Week4","PBMC","cDNA_567","Immune",NA,NA,"TCGATTTGCCTACC","PBMC_MOUSE"
"mouse","SUBJ007","mRNA-1273","Week2","PBMC","cDNA_568","Immune",NA,NA,"TCTAAGCTTCTAGG","PBMC_MOUSE"
"mouse","SUBJ004","BNT162b2","Baseline","PBMC","cDNA_569","Immune",NA,NA,"TCTAAGCTTGTTCT","PBMC_MOUSE"
"mouse","SUBJ001","BNT162b2","Week12","PBMC","cDNA_570","Immune",NA,NA,"TCTACAACGACTAC","PBMC_MOUSE"
"mouse","SUBJ005","BNT162b2","Baseline","PBMC","cDNA_571","Immune",NA,NA,"TCTAGACTTAGAAG","PBMC_MOUSE"
"mouse","SUBJ007","BNT162b2","Week2","PBMC","cDNA_572","Immune",NA,NA,"TCTAGTTGCACCAA","PBMC_MOUSE"
"mouse","SUBJ006","BNT162b2","Week4","PBMC","cDNA_573",NA,NA,NA,"TCTATGTGAAGAGT","PBMC_MOUSE"
"mouse","SUBJ004","Placebo","Baseline","PBMC","cDNA_574","Immune",NA,NA,"TCTTACGAACCTGA","PBMC_MOUSE"
"mouse","SUBJ003","Placebo","Week2","PBMC","cDNA_575",NA,NA,NA,"TCTTCAGAGCTACA","PBMC_MOUSE"
"mouse","SUBJ003","BNT162b2","Baseline","PBMC","cDNA_576",NA,NA,NA,"TGAAATTGGTGAGG","PBMC_MOUSE"
"mouse","SUBJ005","BNT162b2","Baseline","PBMC","cDNA_577","Immune",NA,NA,"TGAACCGACTACTT","PBMC_MOUSE"
"mouse","SUBJ007","BNT162b2","Week2","PBMC","cDNA_578",NA,NA,NA,"TGAACCGATTCGGA","PBMC_MOUSE"
"mouse","SUBJ002","BNT162b2","Week2","PBMC","cDNA_579","Immune",NA,NA,"TGACGATGCAAAGA","PBMC_MOUSE"
"mouse","SUBJ003","Placebo","Week4","PBMC","cDNA_580","Immune",NA,NA,"TGACTGGAAGAGAT","PBMC_MOUSE"
"mouse","SUBJ007","mRNA-1273","Baseline","PBMC","cDNA_581",NA,NA,NA,"TGACTTACAGTCTG","PBMC_MOUSE"
"mouse","SUBJ007","BNT162b2","Week12","PBMC","cDNA_582",NA,NA,NA,"TGAGCTGAATGCTG","PBMC_MOUSE"
"mouse","SUBJ005","Placebo","Week2","PBMC","cDNA_583",NA,NA,NA,"TGAGCTGACTGGAT","PBMC_MOUSE"
"mouse","SUBJ005","mRNA-1273","Week2","PBMC","cDNA_584","Immune",NA,NA,"TGAGCTGATGCTAG","PBMC_MOUSE"
"mouse","SUBJ002","mRNA-1273","Week12","PBMC","cDNA_585","Immune",NA,NA,"TGAGGACTCTCATT","PBMC_MOUSE"
"mouse","SUBJ007","BNT162b2","Week2","PBMC","cDNA_586",NA,NA,NA,"TGAGGTACGAACCT","PBMC_MOUSE"
"mouse","SUBJ001","Placebo","Baseline","PBMC","cDNA_587","Immune",NA,NA,"TGATACCTCACTAG","PBMC_MOUSE"
"mouse","SUBJ008","mRNA-1273","Week12","PBMC","cDNA_588","Immune",NA,NA,"TGATCGGACTGACA","PBMC_MOUSE"
"mouse","SUBJ001","mRNA-1273","Week2","PBMC","cDNA_589","Immune",NA,NA,"TGATCGGATATGCG","PBMC_MOUSE"
"mouse","SUBJ008","Placebo","Week4","PBMC","cDNA_590","Immune",NA,NA,"TGCAAGTGGGTAGG","PBMC_MOUSE"
"mouse","SUBJ002","BNT162b2","Baseline","PBMC","cDNA_591","Immune",NA,NA,"TGCCAAGAGCAGTT","PBMC_MOUSE"
"mouse","SUBJ006","BNT162b2","Week12","PBMC","cDNA_592",NA,NA,NA,"TGCCCAACCGCATA","PBMC_MOUSE"
"mouse","SUBJ001","Placebo","Week4","PBMC","cDNA_593","Immune",NA,NA,"TGCGATGAGTGCTA","PBMC_MOUSE"
"mouse","SUBJ007","Placebo","Baseline","PBMC","cDNA_594",NA,NA,NA,"TGCGCACTCTTGAG","PBMC_MOUSE"
"mouse","SUBJ007","BNT162b2","Week2","PBMC","cDNA_595",NA,NA,NA,"TGCGTAGAATAAGG","PBMC_MOUSE"
"mouse","SUBJ008","BNT162b2","Baseline","PBMC","cDNA_596","Immune",NA,NA,"TGCGTAGATGGTCA","PBMC_MOUSE"
"mouse","SUBJ004","Placebo","Week2","PBMC","cDNA_597",NA,NA,NA,"TGCTATACGGTTCA","PBMC_MOUSE"
"mouse","SUBJ007","BNT162b2","Week12","PBMC","cDNA_598","Immune",NA,NA,"TGGAAAGAGGTCAT","PBMC_MOUSE"
"mouse","SUBJ005","Placebo","Week12","PBMC","cDNA_599","Immune",NA,NA,"TGGACCCTACACTG","PBMC_MOUSE"
"mouse","SUBJ001","mRNA-1273","Baseline","PBMC","cDNA_600","Immune",NA,NA,"TGGACCCTGGTACT","PBMC_MOUSE"
"mouse","SUBJ001","Placebo","Baseline","PBMC","cDNA_601",NA,NA,NA,"TGGAGACTATCAGC","PBMC_MOUSE"
"mouse","SUBJ008","mRNA-1273","Week12","PBMC","cDNA_602","Immune",NA,NA,"TGGAGGGACGGAGA","PBMC_MOUSE"
"mouse","SUBJ001","mRNA-1273","Week2","PBMC","cDNA_603",NA,NA,NA,"TGGCACCTTCAGTG","PBMC_MOUSE"
"mouse","SUBJ004","mRNA-1273","Week4","PBMC","cDNA_604","Immune",NA,NA,"TGGGTATGTTTGGG","PBMC_MOUSE"
"mouse","SUBJ006","Placebo","Baseline","PBMC","cDNA_605",NA,NA,NA,"TGGTAGTGCACTGA","PBMC_MOUSE"
"mouse","SUBJ002","BNT162b2","Week2","PBMC","cDNA_606",NA,NA,NA,"TGGTTACTGACGTT","PBMC_MOUSE"
"mouse","SUBJ008","mRNA-1273","Week2","PBMC","cDNA_607",NA,NA,NA,"TGTAACCTTGCCTC","PBMC_MOUSE"
"mouse","SUBJ008","BNT162b2","Week2","PBMC","cDNA_608","Immune",NA,NA,"TGTACTTGCTCTAT","PBMC_MOUSE"
"mouse","SUBJ001","mRNA-1273","Week2","PBMC","cDNA_609","Immune",NA,NA,"TGTCAGGAGATGAA","PBMC_MOUSE"
"mouse","SUBJ006","BNT162b2","Baseline","PBMC","cDNA_610","Immune",NA,NA,"TGTGAGACTGTCAG","PBMC_MOUSE"
"mouse","SUBJ002","Placebo","Baseline","PBMC","cDNA_611",NA,NA,NA,"TGTGAGTGAGTGCT","PBMC_MOUSE"
"mouse","SUBJ001","Placebo","Baseline","PBMC","cDNA_612",NA,NA,NA,"TGTTAAGACAAAGA","PBMC_MOUSE"
"mouse","SUBJ003","Placebo","Week2","PBMC","cDNA_613","Immune",NA,NA,"TGTTAAGATAAGGA","PBMC_MOUSE"
"mouse","SUBJ003","BNT162b2","Week4","PBMC","cDNA_614",NA,NA,NA,"TGTTACACCGCATA","PBMC_MOUSE"
"mouse","SUBJ005","Placebo","Baseline","PBMC","cDNA_615","Immune",NA,NA,"TGTTACACGACTAC","PBMC_MOUSE"
"mouse","SUBJ004","BNT162b2","Week4","PBMC","cDNA_616","Immune",NA,NA,"TTACCATGAATCGC","PBMC_MOUSE"
"mouse","SUBJ003","BNT162b2","Week4","PBMC","cDNA_617","Immune",NA,NA,"TTACGACTTGACAC","PBMC_MOUSE"
"mouse","SUBJ004","Placebo","Week4","PBMC","cDNA_618",NA,NA,NA,"TTACGTACGTTCAG","PBMC_MOUSE"
"mouse","SUBJ003","Placebo","Baseline","PBMC","cDNA_619","Immune",NA,NA,"TTACTCGAAGAATG","PBMC_MOUSE"
"mouse","SUBJ004","mRNA-1273","Week12","PBMC","cDNA_620",NA,NA,NA,"TTAGACCTCCTTTA","PBMC_MOUSE"
"mouse","SUBJ001","Placebo","Week2","PBMC","cDNA_621",NA,NA,NA,"TTAGCTACTGTCCC","PBMC_MOUSE"
"mouse","SUBJ008","BNT162b2","Baseline","PBMC","cDNA_622","Immune",NA,NA,"TTAGGGTGTCCTGC","PBMC_MOUSE"
"mouse","SUBJ001","Placebo","Week12","PBMC","cDNA_623",NA,NA,NA,"TTAGGTCTACTTTC","PBMC_MOUSE"
"mouse","SUBJ004","Placebo","Week2","PBMC","cDNA_624","Immune",NA,NA,"TTATCCGAGAAAGT","PBMC_MOUSE"
"mouse","SUBJ008","Placebo","Week12","PBMC","cDNA_625","Immune",NA,NA,"TTATTCCTATGCTG","PBMC_MOUSE"
"mouse","SUBJ002","BNT162b2","Baseline","PBMC","cDNA_626",NA,NA,NA,"TTCAACACCCCAAA","PBMC_MOUSE"
"mouse","SUBJ008","Placebo","Baseline","PBMC","cDNA_627",NA,NA,NA,"TTCAACACGGACGA","PBMC_MOUSE"
"mouse","SUBJ002","BNT162b2","Baseline","PBMC","cDNA_628","Immune",NA,NA,"TTCAAGCTAAGAAC","PBMC_MOUSE"
"mouse","SUBJ007","Placebo","Week2","PBMC","cDNA_629",NA,NA,NA,"TTCACAACCCGTTC","PBMC_MOUSE"
"mouse","SUBJ001","Placebo","Week12","PBMC","cDNA_630","Immune",NA,NA,"TTCACAACGTCTGA","PBMC_MOUSE"
"mouse","SUBJ007","BNT162b2","Week4","PBMC","cDNA_631",NA,NA,NA,"TTCAGTACTCCTAT","PBMC_MOUSE"
"mouse","SUBJ004","Placebo","Baseline","PBMC","cDNA_632","Immune",NA,NA,"TTCATCGAGGTGGA","PBMC_MOUSE"
"mouse","SUBJ007","BNT162b2","Week2","PBMC","cDNA_633","Immune",NA,NA,"TTCATTCTATGTCG","PBMC_MOUSE"
"mouse","SUBJ007","mRNA-1273","Week4","PBMC","cDNA_634","Immune",NA,NA,"TTCCAAACCTATGG","PBMC_MOUSE"
"mouse","SUBJ006","Placebo","Week2","PBMC","cDNA_635",NA,NA,NA,"TTCCATGACGAGAG","PBMC_MOUSE"
"mouse","SUBJ007","mRNA-1273","Week12","PBMC","cDNA_636","Immune",NA,NA,"TTCCCACTTGTCTT","PBMC_MOUSE"
"mouse","SUBJ002","Placebo","Week4","PBMC","cDNA_637","Immune",NA,NA,"TTCCTAGACTAGTG","PBMC_MOUSE"
"mouse","SUBJ007","mRNA-1273","Week2","PBMC","cDNA_638","Immune",NA,NA,"TTCGAGGATAGAAG","PBMC_MOUSE"
"mouse","SUBJ006","Placebo","Week12","PBMC","cDNA_639",NA,NA,NA,"TTCGGAGAATGCCA","PBMC_MOUSE"
"mouse","SUBJ006","BNT162b2","Week2","PBMC","cDNA_640",NA,NA,NA,"TTCGTATGTCCTTA","PBMC_MOUSE"
"mouse","SUBJ004","mRNA-1273","Week12","PBMC","cDNA_641","Immune",NA,NA,"TTCTAGTGCATGAC","PBMC_MOUSE"
"mouse","SUBJ007","Placebo","Baseline","PBMC","cDNA_642","Immune",NA,NA,"TTCTAGTGGTCACA","PBMC_MOUSE"
"mouse","SUBJ006","mRNA-1273","Baseline","PBMC","cDNA_643","Immune",NA,NA,"TTCTTACTCTGGAT","PBMC_MOUSE"
"mouse","SUBJ004","Placebo","Week2","PBMC","cDNA_644","Immune",NA,NA,"TTGAATGAACTACG","PBMC_MOUSE"
"mouse","SUBJ005","mRNA-1273","Week12","PBMC","cDNA_645","Immune",NA,NA,"TTGAGGACAGAACA","PBMC_MOUSE"
"mouse","SUBJ006","Placebo","Week12","PBMC","cDNA_646",NA,NA,NA,"TTGCATTGCTAAGC","PBMC_MOUSE"
"mouse","SUBJ004","mRNA-1273","Week4","PBMC","cDNA_647",NA,NA,NA,"TTGCTAACACGCTA","PBMC_MOUSE"
"mouse","SUBJ003","BNT162b2","Week2","PBMC","cDNA_648","Immune",NA,NA,"TTGCTATGGTACGT","PBMC_MOUSE"
"mouse","SUBJ007","Placebo","Week2","PBMC","cDNA_649","Immune",NA,NA,"TTGCTATGGTAGGG","PBMC_MOUSE"
"mouse","SUBJ004","Placebo","Week4","PBMC","cDNA_650",NA,NA,NA,"TTGGAGACGCTATG","PBMC_MOUSE"
"mouse","SUBJ001","Placebo","Week2","PBMC","cDNA_651",NA,NA,NA,"TTGGTACTACTGGT","PBMC_MOUSE"
"mouse","SUBJ007","mRNA-1273","Week4","PBMC","cDNA_652","Immune",NA,NA,"TTTAGCTGGATACC","PBMC_MOUSE"
"mouse","SUBJ004","BNT162b2","Week4","PBMC","cDNA_653",NA,NA,NA,"TTTAGGCTCCTTTA","PBMC_MOUSE"
"mouse","SUBJ003","mRNA-1273","Week12","PBMC","cDNA_654",NA,NA,NA,"TTTATCCTGTTGTG","PBMC_MOUSE"
"mouse","SUBJ001","Placebo","Week4","PBMC","cDNA_655","Immune",NA,NA,"TTTCAGTGTCTATC","PBMC_MOUSE"
"mouse","SUBJ004","mRNA-1273","Week4","PBMC","cDNA_656","Immune",NA,NA,"TTTCGAACTCTCAT","PBMC_MOUSE"
